-- ============================================================
-- SEED DATA - SMA LETTA SCHOOL
-- 20 Guru, 12 Kelas, 14 Mapel, 200 Siswa, Jadwal Senin-Jumat
-- ============================================================

-- ── SUBJECTS (14 mapel) ──────────────────────────────────────
INSERT INTO subjects (id, name, description) VALUES
  ('a1000000-0000-0000-0000-000000000001', 'Matematika',    'Pelajaran Matematika'),
  ('a1000000-0000-0000-0000-000000000002', 'B. Indonesia',  'Bahasa dan Sastra Indonesia'),
  ('a1000000-0000-0000-0000-000000000003', 'B. Inggris',    'Bahasa Inggris'),
  ('a1000000-0000-0000-0000-000000000004', 'IPA',           'Ilmu Pengetahuan Alam'),
  ('a1000000-0000-0000-0000-000000000005', 'IPS',           'Ilmu Pengetahuan Sosial'),
  ('a1000000-0000-0000-0000-000000000006', 'Fisika',        'Fisika'),
  ('a1000000-0000-0000-0000-000000000007', 'Kimia',         'Kimia'),
  ('a1000000-0000-0000-0000-000000000008', 'Biologi',       'Biologi'),
  ('a1000000-0000-0000-0000-000000000009', 'Seni Budaya',   'Seni Budaya dan Prakarya'),
  ('a1000000-0000-0000-0000-000000000010', 'Olahraga',      'Pendidikan Jasmani'),
  ('a1000000-0000-0000-0000-000000000011', 'PKN',           'Pendidikan Kewarganegaraan'),
  ('a1000000-0000-0000-0000-000000000012', 'Agama',         'Pendidikan Agama Islam'),
  ('a1000000-0000-0000-0000-000000000013', 'BK',            'Bimbingan Konseling'),
  ('a1000000-0000-0000-0000-000000000014', 'Sejarah',       'Sejarah Indonesia');

-- ── TEACHERS (20 guru) ───────────────────────────────────────
INSERT INTO teachers (id, employee_number, full_name, email, gender, date_of_birth, phone, bio) VALUES
  ('b1000000-0000-0000-0000-000000000001', 'EMP001', 'Budi Santoso',       'budi.santoso@school.com',       'Male',   '1980-03-15', '081100000001', 'Guru Matematika senior'),
  ('b1000000-0000-0000-0000-000000000002', 'EMP002', 'Siti Rahayu',        'siti.rahayu@school.com',        'Female', '1982-07-22', '081100000002', 'Guru B. Indonesia'),
  ('b1000000-0000-0000-0000-000000000003', 'EMP003', 'Ahmad Fauzi',        'ahmad.fauzi@school.com',        'Male',   '1979-11-05', '081100000003', 'Guru B. Inggris'),
  ('b1000000-0000-0000-0000-000000000004', 'EMP004', 'Dewi Lestari',       'dewi.lestari@school.com',       'Female', '1985-01-18', '081100000004', 'Guru IPA'),
  ('b1000000-0000-0000-0000-000000000005', 'EMP005', 'Eko Prasetyo',       'eko.prasetyo@school.com',       'Male',   '1983-06-30', '081100000005', 'Guru IPS'),
  ('b1000000-0000-0000-0000-000000000006', 'EMP006', 'Farida Hanum',       'farida.hanum@school.com',       'Female', '1981-09-12', '081100000006', 'Guru Fisika'),
  ('b1000000-0000-0000-0000-000000000007', 'EMP007', 'Gunawan Wibowo',     'gunawan.wibowo@school.com',     'Male',   '1978-04-25', '081100000007', 'Guru Kimia'),
  ('b1000000-0000-0000-0000-000000000008', 'EMP008', 'Hesti Purwanti',     'hesti.purwanti@school.com',     'Female', '1986-12-08', '081100000008', 'Guru Biologi'),
  ('b1000000-0000-0000-0000-000000000009', 'EMP009', 'Irwan Setiawan',     'irwan.setiawan@school.com',     'Male',   '1984-08-14', '081100000009', 'Guru Seni Budaya'),
  ('b1000000-0000-0000-0000-000000000010', 'EMP010', 'Julia Anggraini',    'julia.anggraini@school.com',    'Female', '1987-02-28', '081100000010', 'Guru Olahraga'),
  ('b1000000-0000-0000-0000-000000000011', 'EMP011', 'Kurniawan Adi',      'kurniawan.adi@school.com',      'Male',   '1980-10-17', '081100000011', 'Guru PKN'),
  ('b1000000-0000-0000-0000-000000000012', 'EMP012', 'Laila Fitri',        'laila.fitri@school.com',        'Female', '1982-05-03', '081100000012', 'Guru Agama'),
  ('b1000000-0000-0000-0000-000000000013', 'EMP013', 'Muhamad Rizki',      'muhamad.rizki@school.com',      'Male',   '1989-07-19', '081100000013', 'Guru BK'),
  ('b1000000-0000-0000-0000-000000000014', 'EMP014', 'Nurul Hidayah',      'nurul.hidayah@school.com',      'Female', '1983-03-27', '081100000014', 'Guru Sejarah'),
  ('b1000000-0000-0000-0000-000000000015', 'EMP015', 'Oki Firmansyah',     'oki.firmansyah@school.com',     'Male',   '1981-11-09', '081100000015', 'Guru Matematika'),
  ('b1000000-0000-0000-0000-000000000016', 'EMP016', 'Putri Handayani',    'putri.handayani@school.com',    'Female', '1986-06-21', '081100000016', 'Guru B. Inggris'),
  ('b1000000-0000-0000-0000-000000000017', 'EMP017', 'Rahmat Hidayat',     'rahmat.hidayat@school.com',     'Male',   '1979-01-14', '081100000017', 'Guru Fisika'),
  ('b1000000-0000-0000-0000-000000000018', 'EMP018', 'Sri Wahyuni',        'sri.wahyuni@school.com',        'Female', '1984-09-06', '081100000018', 'Guru Kimia'),
  ('b1000000-0000-0000-0000-000000000019', 'EMP019', 'Teguh Winarno',      'teguh.winarno@school.com',      'Male',   '1982-04-11', '081100000019', 'Guru Biologi'),
  ('b1000000-0000-0000-0000-000000000020', 'EMP020', 'Uswatun Hasanah',    'uswatun.hasanah@school.com',    'Female', '1988-08-23', '081100000020', 'Guru IPS');

-- ── CLASSES (12 kelas, wali kelas dari guru) ─────────────────
INSERT INTO classes (id, name, grade_level, homeroom_teacher_id) VALUES
  ('c1000000-0000-0000-0000-000000000001', 'X-A',   'Kelas 10', 'b1000000-0000-0000-0000-000000000001'),
  ('c1000000-0000-0000-0000-000000000002', 'X-B',   'Kelas 10', 'b1000000-0000-0000-0000-000000000002'),
  ('c1000000-0000-0000-0000-000000000003', 'X-C',   'Kelas 10', 'b1000000-0000-0000-0000-000000000003'),
  ('c1000000-0000-0000-0000-000000000004', 'X-D',   'Kelas 10', 'b1000000-0000-0000-0000-000000000004'),
  ('c1000000-0000-0000-0000-000000000005', 'XI-A',  'Kelas 11', 'b1000000-0000-0000-0000-000000000005'),
  ('c1000000-0000-0000-0000-000000000006', 'XI-B',  'Kelas 11', 'b1000000-0000-0000-0000-000000000006'),
  ('c1000000-0000-0000-0000-000000000007', 'XI-C',  'Kelas 11', 'b1000000-0000-0000-0000-000000000007'),
  ('c1000000-0000-0000-0000-000000000008', 'XI-D',  'Kelas 11', 'b1000000-0000-0000-0000-000000000008'),
  ('c1000000-0000-0000-0000-000000000009', 'XII-A', 'Kelas 12', 'b1000000-0000-0000-0000-000000000009'),
  ('c1000000-0000-0000-0000-000000000010', 'XII-B', 'Kelas 12', 'b1000000-0000-0000-0000-000000000010'),
  ('c1000000-0000-0000-0000-000000000011', 'XII-C', 'Kelas 12', 'b1000000-0000-0000-0000-000000000011'),
  ('c1000000-0000-0000-0000-000000000012', 'XII-D', 'Kelas 12', 'b1000000-0000-0000-0000-000000000012');

-- ── STUDENTS (200 siswa, ~16-17 per kelas) ───────────────────
-- Kelas X-A (17 siswa)
INSERT INTO students (student_number, full_name, email, gender, date_of_birth, class_id, enrollment_date) VALUES
  ('STD001','Adi Nugroho','adi.nugroho@student.com','Male','2007-03-12','c1000000-0000-0000-0000-000000000001','2024-07-15'),
  ('STD002','Bella Safitri','bella.safitri@student.com','Female','2007-05-24','c1000000-0000-0000-0000-000000000001','2024-07-15'),
  ('STD003','Candra Wijaya','candra.wijaya@student.com','Male','2007-01-08','c1000000-0000-0000-0000-000000000001','2024-07-15'),
  ('STD004','Dina Puspita','dina.puspita@student.com','Female','2007-09-16','c1000000-0000-0000-0000-000000000001','2024-07-15'),
  ('STD005','Eko Saputra','eko.saputra@student.com','Male','2007-11-02','c1000000-0000-0000-0000-000000000001','2024-07-15'),
  ('STD006','Fitri Ramadhani','fitri.ramadhani@student.com','Female','2007-07-30','c1000000-0000-0000-0000-000000000001','2024-07-15'),
  ('STD007','Galih Pratama','galih.pratama@student.com','Male','2007-04-17','c1000000-0000-0000-0000-000000000001','2024-07-15'),
  ('STD008','Hana Kusuma','hana.kusuma@student.com','Female','2007-12-05','c1000000-0000-0000-0000-000000000001','2024-07-15'),
  ('STD009','Ilham Maulana','ilham.maulana@student.com','Male','2007-02-19','c1000000-0000-0000-0000-000000000001','2024-07-15'),
  ('STD010','Jihan Aulia','jihan.aulia@student.com','Female','2007-08-11','c1000000-0000-0000-0000-000000000001','2024-07-15'),
  ('STD011','Kevin Ardian','kevin.ardian@student.com','Male','2007-06-23','c1000000-0000-0000-0000-000000000001','2024-07-15'),
  ('STD012','Lina Marlina','lina.marlina@student.com','Female','2007-10-14','c1000000-0000-0000-0000-000000000001','2024-07-15'),
  ('STD013','Mario Sihombing','mario.sihombing@student.com','Male','2007-03-28','c1000000-0000-0000-0000-000000000001','2024-07-15'),
  ('STD014','Nadia Putri','nadia.putri@student.com','Female','2007-01-31','c1000000-0000-0000-0000-000000000001','2024-07-15'),
  ('STD015','Oscar Firmanto','oscar.firmanto@student.com','Male','2007-07-07','c1000000-0000-0000-0000-000000000001','2024-07-15'),
  ('STD016','Putri Ayu','putri.ayu@student.com','Female','2007-05-09','c1000000-0000-0000-0000-000000000001','2024-07-15'),
  ('STD017','Reza Ananda','reza.ananda@student.com','Male','2007-09-21','c1000000-0000-0000-0000-000000000001','2024-07-15');

-- Kelas X-B (17 siswa)
INSERT INTO students (student_number, full_name, email, gender, date_of_birth, class_id, enrollment_date) VALUES
  ('STD018','Sari Dewi','sari.dewi@student.com','Female','2007-04-03','c1000000-0000-0000-0000-000000000002','2024-07-15'),
  ('STD019','Taufik Hidayat','taufik.hidayat@student.com','Male','2007-11-15','c1000000-0000-0000-0000-000000000002','2024-07-15'),
  ('STD020','Ulfa Nazira','ulfa.nazira@student.com','Female','2007-02-27','c1000000-0000-0000-0000-000000000002','2024-07-15'),
  ('STD021','Vandi Kurnia','vandi.kurnia@student.com','Male','2007-08-06','c1000000-0000-0000-0000-000000000002','2024-07-15'),
  ('STD022','Wulan Sari','wulan.sari@student.com','Female','2007-12-18','c1000000-0000-0000-0000-000000000002','2024-07-15'),
  ('STD023','Xander Putra','xander.putra@student.com','Male','2007-06-10','c1000000-0000-0000-0000-000000000002','2024-07-15'),
  ('STD024','Yanti Susanti','yanti.susanti@student.com','Female','2007-03-22','c1000000-0000-0000-0000-000000000002','2024-07-15'),
  ('STD025','Zaki Rahman','zaki.rahman@student.com','Male','2007-10-04','c1000000-0000-0000-0000-000000000002','2024-07-15'),
  ('STD026','Alya Permata','alya.permata@student.com','Female','2007-01-16','c1000000-0000-0000-0000-000000000002','2024-07-15'),
  ('STD027','Bagas Wicaksono','bagas.wicaksono@student.com','Male','2007-07-28','c1000000-0000-0000-0000-000000000002','2024-07-15'),
  ('STD028','Clara Oktavia','clara.oktavia@student.com','Female','2007-05-13','c1000000-0000-0000-0000-000000000002','2024-07-15'),
  ('STD029','Dimas Aryo','dimas.aryo@student.com','Male','2007-09-25','c1000000-0000-0000-0000-000000000002','2024-07-15'),
  ('STD030','Erika Salsabila','erika.salsabila@student.com','Female','2007-04-07','c1000000-0000-0000-0000-000000000002','2024-07-15'),
  ('STD031','Fajar Nugraha','fajar.nugraha@student.com','Male','2007-11-19','c1000000-0000-0000-0000-000000000002','2024-07-15'),
  ('STD032','Gita Pramesti','gita.pramesti@student.com','Female','2007-02-01','c1000000-0000-0000-0000-000000000002','2024-07-15'),
  ('STD033','Hendra Kusuma','hendra.kusuma@student.com','Male','2007-08-13','c1000000-0000-0000-0000-000000000002','2024-07-15'),
  ('STD034','Indah Cahyani','indah.cahyani@student.com','Female','2007-06-25','c1000000-0000-0000-0000-000000000002','2024-07-15');

-- Kelas X-C (17 siswa)
INSERT INTO students (student_number, full_name, email, gender, date_of_birth, class_id, enrollment_date) VALUES
  ('STD035','Joko Susilo','joko.susilo@student.com','Male','2007-03-08','c1000000-0000-0000-0000-000000000003','2024-07-15'),
  ('STD036','Kartika Sari','kartika.sari@student.com','Female','2007-10-20','c1000000-0000-0000-0000-000000000003','2024-07-15'),
  ('STD037','Lukman Hakim','lukman.hakim@student.com','Male','2007-07-01','c1000000-0000-0000-0000-000000000003','2024-07-15'),
  ('STD038','Maya Anggraini','maya.anggraini@student.com','Female','2007-04-13','c1000000-0000-0000-0000-000000000003','2024-07-15'),
  ('STD039','Naufal Rizky','naufal.rizky@student.com','Male','2007-12-25','c1000000-0000-0000-0000-000000000003','2024-07-15'),
  ('STD040','Olivia Putri','olivia.putri@student.com','Female','2007-09-06','c1000000-0000-0000-0000-000000000003','2024-07-15'),
  ('STD041','Pandu Wibowo','pandu.wibowo@student.com','Male','2007-05-18','c1000000-0000-0000-0000-000000000003','2024-07-15'),
  ('STD042','Qori Amalia','qori.amalia@student.com','Female','2007-01-30','c1000000-0000-0000-0000-000000000003','2024-07-15'),
  ('STD043','Ridwan Hadi','ridwan.hadi@student.com','Male','2007-08-11','c1000000-0000-0000-0000-000000000003','2024-07-15'),
  ('STD044','Salma Nabila','salma.nabila@student.com','Female','2007-11-23','c1000000-0000-0000-0000-000000000003','2024-07-15'),
  ('STD045','Tegar Santoso','tegar.santoso@student.com','Male','2007-06-04','c1000000-0000-0000-0000-000000000003','2024-07-15'),
  ('STD046','Umi Kalsum','umi.kalsum@student.com','Female','2007-03-16','c1000000-0000-0000-0000-000000000003','2024-07-15'),
  ('STD047','Vino Pratama','vino.pratama@student.com','Male','2007-10-28','c1000000-0000-0000-0000-000000000003','2024-07-15'),
  ('STD048','Wina Agustin','wina.agustin@student.com','Female','2007-07-09','c1000000-0000-0000-0000-000000000003','2024-07-15'),
  ('STD049','Yoga Permana','yoga.permana@student.com','Male','2007-04-21','c1000000-0000-0000-0000-000000000003','2024-07-15'),
  ('STD050','Zahra Aulia','zahra.aulia@student.com','Female','2007-12-02','c1000000-0000-0000-0000-000000000003','2024-07-15'),
  ('STD051','Arif Budiman','arif.budiman@student.com','Male','2007-09-14','c1000000-0000-0000-0000-000000000003','2024-07-15');

-- Kelas X-D (17 siswa)
INSERT INTO students (student_number, full_name, email, gender, date_of_birth, class_id, enrollment_date) VALUES
  ('STD052','Bunga Melati','bunga.melati@student.com','Female','2007-05-26','c1000000-0000-0000-0000-000000000004','2024-07-15'),
  ('STD053','Citra Permana','citra.permana@student.com','Female','2007-02-07','c1000000-0000-0000-0000-000000000004','2024-07-15'),
  ('STD054','Dani Kurniawan','dani.kurniawan@student.com','Male','2007-08-19','c1000000-0000-0000-0000-000000000004','2024-07-15'),
  ('STD055','Elsa Fitriani','elsa.fitriani@student.com','Female','2007-11-01','c1000000-0000-0000-0000-000000000004','2024-07-15'),
  ('STD056','Fandi Ahmad','fandi.ahmad@student.com','Male','2007-06-13','c1000000-0000-0000-0000-000000000004','2024-07-15'),
  ('STD057','Gina Marlena','gina.marlena@student.com','Female','2007-03-25','c1000000-0000-0000-0000-000000000004','2024-07-15'),
  ('STD058','Hafiz Ramadhan','hafiz.ramadhan@student.com','Male','2007-10-06','c1000000-0000-0000-0000-000000000004','2024-07-15'),
  ('STD059','Ika Nurhaliza','ika.nurhaliza@student.com','Female','2007-07-18','c1000000-0000-0000-0000-000000000004','2024-07-15'),
  ('STD060','Jaka Tarub','jaka.tarub@student.com','Male','2007-04-30','c1000000-0000-0000-0000-000000000004','2024-07-15'),
  ('STD061','Karin Novita','karin.novita@student.com','Female','2007-01-11','c1000000-0000-0000-0000-000000000004','2024-07-15'),
  ('STD062','Luthfi Hamdani','luthfi.hamdani@student.com','Male','2007-09-23','c1000000-0000-0000-0000-000000000004','2024-07-15'),
  ('STD063','Mila Rosita','mila.rosita@student.com','Female','2007-05-05','c1000000-0000-0000-0000-000000000004','2024-07-15'),
  ('STD064','Nando Prasetya','nando.prasetya@student.com','Male','2007-12-17','c1000000-0000-0000-0000-000000000004','2024-07-15'),
  ('STD065','Okta Wulandari','okta.wulandari@student.com','Female','2007-08-28','c1000000-0000-0000-0000-000000000004','2024-07-15'),
  ('STD066','Prio Handoko','prio.handoko@student.com','Male','2007-06-09','c1000000-0000-0000-0000-000000000004','2024-07-15'),
  ('STD067','Ratna Juwita','ratna.juwita@student.com','Female','2007-03-21','c1000000-0000-0000-0000-000000000004','2024-07-15'),
  ('STD068','Surya Dinata','surya.dinata@student.com','Male','2007-10-02','c1000000-0000-0000-0000-000000000004','2024-07-15');

-- Kelas XI-A (17 siswa)
INSERT INTO students (student_number, full_name, email, gender, date_of_birth, class_id, enrollment_date) VALUES
  ('STD069','Tiara Kusuma','tiara.kusuma@student.com','Female','2006-04-14','c1000000-0000-0000-0000-000000000005','2023-07-15'),
  ('STD070','Umar Bakri','umar.bakri@student.com','Male','2006-11-26','c1000000-0000-0000-0000-000000000005','2023-07-15'),
  ('STD071','Vera Handayani','vera.handayani@student.com','Female','2006-02-08','c1000000-0000-0000-0000-000000000005','2023-07-15'),
  ('STD072','Wahyu Setiawan','wahyu.setiawan@student.com','Male','2006-08-20','c1000000-0000-0000-0000-000000000005','2023-07-15'),
  ('STD073','Xena Maharani','xena.maharani@student.com','Female','2006-05-31','c1000000-0000-0000-0000-000000000005','2023-07-15'),
  ('STD074','Yudha Pratama','yudha.pratama@student.com','Male','2006-01-12','c1000000-0000-0000-0000-000000000005','2023-07-15'),
  ('STD075','Zulfa Rahmawati','zulfa.rahmawati@student.com','Female','2006-09-24','c1000000-0000-0000-0000-000000000005','2023-07-15'),
  ('STD076','Aldi Firmansyah','aldi.firmansyah@student.com','Male','2006-06-05','c1000000-0000-0000-0000-000000000005','2023-07-15'),
  ('STD077','Bela Noviana','bela.noviana@student.com','Female','2006-03-17','c1000000-0000-0000-0000-000000000005','2023-07-15'),
  ('STD078','Chandra Nugraha','chandra.nugraha@student.com','Male','2006-10-29','c1000000-0000-0000-0000-000000000005','2023-07-15'),
  ('STD079','Desi Purnama','desi.purnama@student.com','Female','2006-07-10','c1000000-0000-0000-0000-000000000005','2023-07-15'),
  ('STD080','Edwin Santoso','edwin.santoso@student.com','Male','2006-04-22','c1000000-0000-0000-0000-000000000005','2023-07-15'),
  ('STD081','Feni Rahayu','feni.rahayu@student.com','Female','2006-12-03','c1000000-0000-0000-0000-000000000005','2023-07-15'),
  ('STD082','Gilang Ramadan','gilang.ramadan@student.com','Male','2006-09-15','c1000000-0000-0000-0000-000000000005','2023-07-15'),
  ('STD083','Hilda Octavia','hilda.octavia@student.com','Female','2006-05-27','c1000000-0000-0000-0000-000000000005','2023-07-15'),
  ('STD084','Ivan Kusuma','ivan.kusuma@student.com','Male','2006-02-09','c1000000-0000-0000-0000-000000000005','2023-07-15'),
  ('STD085','Jasmine Putri','jasmine.putri@student.com','Female','2006-08-21','c1000000-0000-0000-0000-000000000005','2023-07-15');

-- Kelas XI-B (17 siswa)
INSERT INTO students (student_number, full_name, email, gender, date_of_birth, class_id, enrollment_date) VALUES
  ('STD086','Khoirul Anwar','khoirul.anwar@student.com','Male','2006-06-02','c1000000-0000-0000-0000-000000000006','2023-07-15'),
  ('STD087','Lilis Suryani','lilis.suryani@student.com','Female','2006-03-14','c1000000-0000-0000-0000-000000000006','2023-07-15'),
  ('STD088','Mahendra Putra','mahendra.putra@student.com','Male','2006-10-26','c1000000-0000-0000-0000-000000000006','2023-07-15'),
  ('STD089','Nabila Azzahra','nabila.azzahra@student.com','Female','2006-07-07','c1000000-0000-0000-0000-000000000006','2023-07-15'),
  ('STD090','Okky Pratama','okky.pratama@student.com','Male','2006-04-19','c1000000-0000-0000-0000-000000000006','2023-07-15'),
  ('STD091','Pita Loka','pita.loka@student.com','Female','2006-12-31','c1000000-0000-0000-0000-000000000006','2023-07-15'),
  ('STD092','Qomaruddin','qomaruddin@student.com','Male','2006-09-11','c1000000-0000-0000-0000-000000000006','2023-07-15'),
  ('STD093','Rina Agustina','rina.agustina@student.com','Female','2006-05-23','c1000000-0000-0000-0000-000000000006','2023-07-15'),
  ('STD094','Septian Nugraha','septian.nugraha@student.com','Male','2006-02-04','c1000000-0000-0000-0000-000000000006','2023-07-15'),
  ('STD095','Tasya Fabiola','tasya.fabiola@student.com','Female','2006-08-16','c1000000-0000-0000-0000-000000000006','2023-07-15'),
  ('STD096','Ucok Harahap','ucok.harahap@student.com','Male','2006-11-28','c1000000-0000-0000-0000-000000000006','2023-07-15'),
  ('STD097','Vivi Anggraini','vivi.anggraini@student.com','Female','2006-06-09','c1000000-0000-0000-0000-000000000006','2023-07-15'),
  ('STD098','Wendi Saputra','wendi.saputra@student.com','Male','2006-03-21','c1000000-0000-0000-0000-000000000006','2023-07-15'),
  ('STD099','Xiao Ming','xiao.ming@student.com','Male','2006-10-02','c1000000-0000-0000-0000-000000000006','2023-07-15'),
  ('STD100','Yola Prestika','yola.prestika@student.com','Female','2006-07-14','c1000000-0000-0000-0000-000000000006','2023-07-15'),
  ('STD101','Zidan Maulana','zidan.maulana@student.com','Male','2006-04-26','c1000000-0000-0000-0000-000000000006','2023-07-15'),
  ('STD102','Amel Putri','amel.putri@student.com','Female','2006-01-07','c1000000-0000-0000-0000-000000000006','2023-07-15');

-- Kelas XI-C (17 siswa)
INSERT INTO students (student_number, full_name, email, gender, date_of_birth, class_id, enrollment_date) VALUES
  ('STD103','Bintang Ramadhan','bintang.ramadhan@student.com','Male','2006-09-19','c1000000-0000-0000-0000-000000000007','2023-07-15'),
  ('STD104','Cindy Claudia','cindy.claudia@student.com','Female','2006-05-31','c1000000-0000-0000-0000-000000000007','2023-07-15'),
  ('STD105','Dafa Ardiansyah','dafa.ardiansyah@student.com','Male','2006-02-12','c1000000-0000-0000-0000-000000000007','2023-07-15'),
  ('STD106','Eva Nurlaela','eva.nurlaela@student.com','Female','2006-08-24','c1000000-0000-0000-0000-000000000007','2023-07-15'),
  ('STD107','Fahri Alamsyah','fahri.alamsyah@student.com','Male','2006-11-05','c1000000-0000-0000-0000-000000000007','2023-07-15'),
  ('STD108','Grace Natalia','grace.natalia@student.com','Female','2006-06-17','c1000000-0000-0000-0000-000000000007','2023-07-15'),
  ('STD109','Haris Munandar','haris.munandar@student.com','Male','2006-03-29','c1000000-0000-0000-0000-000000000007','2023-07-15'),
  ('STD110','Imelda Sari','imelda.sari@student.com','Female','2006-10-10','c1000000-0000-0000-0000-000000000007','2023-07-15'),
  ('STD111','Joni Irawan','joni.irawan@student.com','Male','2006-07-22','c1000000-0000-0000-0000-000000000007','2023-07-15'),
  ('STD112','Kania Dewi','kania.dewi@student.com','Female','2006-04-03','c1000000-0000-0000-0000-000000000007','2023-07-15'),
  ('STD113','Leo Prayoga','leo.prayoga@student.com','Male','2006-12-15','c1000000-0000-0000-0000-000000000007','2023-07-15'),
  ('STD114','Merry Kristina','merry.kristina@student.com','Female','2006-09-26','c1000000-0000-0000-0000-000000000007','2023-07-15'),
  ('STD115','Niko Andrianto','niko.andrianto@student.com','Male','2006-05-08','c1000000-0000-0000-0000-000000000007','2023-07-15'),
  ('STD116','Opik Sopian','opik.sopian@student.com','Male','2006-02-20','c1000000-0000-0000-0000-000000000007','2023-07-15'),
  ('STD117','Putri Rahayu','putri.rahayu@student.com','Female','2006-08-01','c1000000-0000-0000-0000-000000000007','2023-07-15'),
  ('STD118','Rizal Fahmi','rizal.fahmi@student.com','Male','2006-11-13','c1000000-0000-0000-0000-000000000007','2023-07-15'),
  ('STD119','Suci Indah','suci.indah@student.com','Female','2006-06-25','c1000000-0000-0000-0000-000000000007','2023-07-15');

-- Kelas XI-D (16 siswa)
INSERT INTO students (student_number, full_name, email, gender, date_of_birth, class_id, enrollment_date) VALUES
  ('STD120','Toni Wijaya','toni.wijaya@student.com','Male','2006-03-07','c1000000-0000-0000-0000-000000000008','2023-07-15'),
  ('STD121','Ulfah Mardiyah','ulfah.mardiyah@student.com','Female','2006-10-19','c1000000-0000-0000-0000-000000000008','2023-07-15'),
  ('STD122','Valdi Pratama','valdi.pratama@student.com','Male','2006-07-31','c1000000-0000-0000-0000-000000000008','2023-07-15'),
  ('STD123','Widya Astuti','widya.astuti@student.com','Female','2006-04-11','c1000000-0000-0000-0000-000000000008','2023-07-15'),
  ('STD124','Xander Hakim','xander.hakim@student.com','Male','2006-01-23','c1000000-0000-0000-0000-000000000008','2023-07-15'),
  ('STD125','Yesi Permata','yesi.permata@student.com','Female','2006-09-04','c1000000-0000-0000-0000-000000000008','2023-07-15'),
  ('STD126','Zulkifli Hasan','zulkifli.hasan@student.com','Male','2006-05-16','c1000000-0000-0000-0000-000000000008','2023-07-15'),
  ('STD127','Aulia Rahman','aulia.rahman@student.com','Female','2006-02-28','c1000000-0000-0000-0000-000000000008','2023-07-15'),
  ('STD128','Bayu Setiaji','bayu.setiaji@student.com','Male','2006-08-09','c1000000-0000-0000-0000-000000000008','2023-07-15'),
  ('STD129','Cici Indriani','cici.indriani@student.com','Female','2006-11-21','c1000000-0000-0000-0000-000000000008','2023-07-15'),
  ('STD130','Deny Saputra','deny.saputra@student.com','Male','2006-06-02','c1000000-0000-0000-0000-000000000008','2023-07-15'),
  ('STD131','Erni Susanti','erni.susanti@student.com','Female','2006-03-14','c1000000-0000-0000-0000-000000000008','2023-07-15'),
  ('STD132','Fuad Hasan','fuad.hasan@student.com','Male','2006-10-26','c1000000-0000-0000-0000-000000000008','2023-07-15'),
  ('STD133','Gita Safira','gita.safira@student.com','Female','2006-07-07','c1000000-0000-0000-0000-000000000008','2023-07-15'),
  ('STD134','Harun Arrasyid','harun.arrasyid@student.com','Male','2006-04-19','c1000000-0000-0000-0000-000000000008','2023-07-15'),
  ('STD135','Intan Permata','intan.permata@student.com','Female','2006-12-31','c1000000-0000-0000-0000-000000000008','2023-07-15');

-- Kelas XII-A (17 siswa)
INSERT INTO students (student_number, full_name, email, gender, date_of_birth, class_id, enrollment_date) VALUES
  ('STD136','Joni Saputra','joni.saputra@student.com','Male','2005-03-12','c1000000-0000-0000-0000-000000000009','2022-07-15'),
  ('STD137','Kiki Amalia','kiki.amalia@student.com','Female','2005-07-24','c1000000-0000-0000-0000-000000000009','2022-07-15'),
  ('STD138','Luki Hermawan','luki.hermawan@student.com','Male','2005-01-05','c1000000-0000-0000-0000-000000000009','2022-07-15'),
  ('STD139','Mona Lisa','mona.lisa@student.com','Female','2005-09-17','c1000000-0000-0000-0000-000000000009','2022-07-15'),
  ('STD140','Nando Kusuma','nando.kusuma@student.com','Male','2005-11-28','c1000000-0000-0000-0000-000000000009','2022-07-15'),
  ('STD141','Octavia Sari','octavia.sari@student.com','Female','2005-06-09','c1000000-0000-0000-0000-000000000009','2022-07-15'),
  ('STD142','Panji Nugroho','panji.nugroho@student.com','Male','2005-03-21','c1000000-0000-0000-0000-000000000009','2022-07-15'),
  ('STD143','Qila Ramadhani','qila.ramadhani@student.com','Female','2005-10-02','c1000000-0000-0000-0000-000000000009','2022-07-15'),
  ('STD144','Rudi Hartanto','rudi.hartanto@student.com','Male','2005-07-14','c1000000-0000-0000-0000-000000000009','2022-07-15'),
  ('STD145','Sinta Dewi','sinta.dewi@student.com','Female','2005-04-26','c1000000-0000-0000-0000-000000000009','2022-07-15'),
  ('STD146','Tommy Gunawan','tommy.gunawan@student.com','Male','2005-01-07','c1000000-0000-0000-0000-000000000009','2022-07-15'),
  ('STD147','Uci Sanusi','uci.sanusi@student.com','Female','2005-09-19','c1000000-0000-0000-0000-000000000009','2022-07-15'),
  ('STD148','Vendra Putra','vendra.putra@student.com','Male','2005-05-31','c1000000-0000-0000-0000-000000000009','2022-07-15'),
  ('STD149','Wati Nurhayati','wati.nurhayati@student.com','Female','2005-02-11','c1000000-0000-0000-0000-000000000009','2022-07-15'),
  ('STD150','Xenia Rahma','xenia.rahma@student.com','Female','2005-08-23','c1000000-0000-0000-0000-000000000009','2022-07-15'),
  ('STD151','Yanto Susilo','yanto.susilo@student.com','Male','2005-11-04','c1000000-0000-0000-0000-000000000009','2022-07-15'),
  ('STD152','Zara Khairani','zara.khairani@student.com','Female','2005-06-16','c1000000-0000-0000-0000-000000000009','2022-07-15');

-- Kelas XII-B (17 siswa)
INSERT INTO students (student_number, full_name, email, gender, date_of_birth, class_id, enrollment_date) VALUES
  ('STD153','Abdi Negara','abdi.negara@student.com','Male','2005-03-28','c1000000-0000-0000-0000-000000000010','2022-07-15'),
  ('STD154','Bella Tristian','bella.tristian@student.com','Female','2005-10-09','c1000000-0000-0000-0000-000000000010','2022-07-15'),
  ('STD155','Cahya Putra','cahya.putra@student.com','Male','2005-07-21','c1000000-0000-0000-0000-000000000010','2022-07-15'),
  ('STD156','Diana Syafitri','diana.syafitri@student.com','Female','2005-04-02','c1000000-0000-0000-0000-000000000010','2022-07-15'),
  ('STD157','Ervan Setiadi','ervan.setiadi@student.com','Male','2005-12-14','c1000000-0000-0000-0000-000000000010','2022-07-15'),
  ('STD158','Fiona Indah','fiona.indah@student.com','Female','2005-09-25','c1000000-0000-0000-0000-000000000010','2022-07-15'),
  ('STD159','Gandi Kusuma','gandi.kusuma@student.com','Male','2005-05-07','c1000000-0000-0000-0000-000000000010','2022-07-15'),
  ('STD160','Hanny Permata','hanny.permata@student.com','Female','2005-02-19','c1000000-0000-0000-0000-000000000010','2022-07-15'),
  ('STD161','Ibnu Masud','ibnu.masud@student.com','Male','2005-08-31','c1000000-0000-0000-0000-000000000010','2022-07-15'),
  ('STD162','Jeni Marliani','jeni.marliani@student.com','Female','2005-11-11','c1000000-0000-0000-0000-000000000010','2022-07-15'),
  ('STD163','Koko Susanto','koko.susanto@student.com','Male','2005-06-23','c1000000-0000-0000-0000-000000000010','2022-07-15'),
  ('STD164','Lena Salsabila','lena.salsabila@student.com','Female','2005-03-04','c1000000-0000-0000-0000-000000000010','2022-07-15'),
  ('STD165','Miko Pratama','miko.pratama@student.com','Male','2005-10-16','c1000000-0000-0000-0000-000000000010','2022-07-15'),
  ('STD166','Nina Amelia','nina.amelia@student.com','Female','2005-07-28','c1000000-0000-0000-0000-000000000010','2022-07-15'),
  ('STD167','Omar Faruq','omar.faruq@student.com','Male','2005-04-08','c1000000-0000-0000-0000-000000000010','2022-07-15'),
  ('STD168','Pia Agustina','pia.agustina@student.com','Female','2005-01-20','c1000000-0000-0000-0000-000000000010','2022-07-15'),
  ('STD169','Qadri Hamzah','qadri.hamzah@student.com','Male','2005-09-01','c1000000-0000-0000-0000-000000000010','2022-07-15');

-- Kelas XII-C (16 siswa)
INSERT INTO students (student_number, full_name, email, gender, date_of_birth, class_id, enrollment_date) VALUES
  ('STD170','Rania Azzahra','rania.azzahra@student.com','Female','2005-05-13','c1000000-0000-0000-0000-000000000011','2022-07-15'),
  ('STD171','Sandi Nugraha','sandi.nugraha@student.com','Male','2005-02-25','c1000000-0000-0000-0000-000000000011','2022-07-15'),
  ('STD172','Tia Rahmawati','tia.rahmawati@student.com','Female','2005-08-06','c1000000-0000-0000-0000-000000000011','2022-07-15'),
  ('STD173','Udin Sedunia','udin.sedunia@student.com','Male','2005-11-18','c1000000-0000-0000-0000-000000000011','2022-07-15'),
  ('STD174','Viola Putri','viola.putri@student.com','Female','2005-06-30','c1000000-0000-0000-0000-000000000011','2022-07-15'),
  ('STD175','Wahid Hasyim','wahid.hasyim@student.com','Male','2005-03-11','c1000000-0000-0000-0000-000000000011','2022-07-15'),
  ('STD176','Xara Cantika','xara.cantika@student.com','Female','2005-10-23','c1000000-0000-0000-0000-000000000011','2022-07-15'),
  ('STD177','Yoga Aditya','yoga.aditya@student.com','Male','2005-07-04','c1000000-0000-0000-0000-000000000011','2022-07-15'),
  ('STD178','Zahra Fitria','zahra.fitria@student.com','Female','2005-04-16','c1000000-0000-0000-0000-000000000011','2022-07-15'),
  ('STD179','Agus Salim','agus.salim@student.com','Male','2005-01-28','c1000000-0000-0000-0000-000000000011','2022-07-15'),
  ('STD180','Bintari Sari','bintari.sari@student.com','Female','2005-09-09','c1000000-0000-0000-0000-000000000011','2022-07-15'),
  ('STD181','Candra Lesmana','candra.lesmana@student.com','Male','2005-05-21','c1000000-0000-0000-0000-000000000011','2022-07-15'),
  ('STD182','Dwi Astuti','dwi.astuti@student.com','Female','2005-02-02','c1000000-0000-0000-0000-000000000011','2022-07-15'),
  ('STD183','Edo Firmansyah','edo.firmansyah@student.com','Male','2005-08-14','c1000000-0000-0000-0000-000000000011','2022-07-15'),
  ('STD184','Frida Kahlo','frida.kahlo@student.com','Female','2005-11-25','c1000000-0000-0000-0000-000000000011','2022-07-15'),
  ('STD185','Gilang Perkasa','gilang.perkasa@student.com','Male','2005-06-07','c1000000-0000-0000-0000-000000000011','2022-07-15');

-- Kelas XII-D (15 siswa)
INSERT INTO students (student_number, full_name, email, gender, date_of_birth, class_id, enrollment_date) VALUES
  ('STD186','Hesti Wulandari','hesti.wulandari@student.com','Female','2005-03-19','c1000000-0000-0000-0000-000000000012','2022-07-15'),
  ('STD187','Imam Santoso','imam.santoso@student.com','Male','2005-10-31','c1000000-0000-0000-0000-000000000012','2022-07-15'),
  ('STD188','Juliani Putri','juliani.putri@student.com','Female','2005-07-12','c1000000-0000-0000-0000-000000000012','2022-07-15'),
  ('STD189','Krisna Bayu','krisna.bayu@student.com','Male','2005-04-24','c1000000-0000-0000-0000-000000000012','2022-07-15'),
  ('STD190','Lani Anggraini','lani.anggraini@student.com','Female','2005-01-05','c1000000-0000-0000-0000-000000000012','2022-07-15'),
  ('STD191','Maulana Yusuf','maulana.yusuf@student.com','Male','2005-09-17','c1000000-0000-0000-0000-000000000012','2022-07-15'),
  ('STD192','Nita Kurniasih','nita.kurniasih@student.com','Female','2005-05-29','c1000000-0000-0000-0000-000000000012','2022-07-15'),
  ('STD193','Oky Ramadhan','oky.ramadhan@student.com','Male','2005-02-10','c1000000-0000-0000-0000-000000000012','2022-07-15'),
  ('STD194','Peni Rahayu','peni.rahayu@student.com','Female','2005-08-22','c1000000-0000-0000-0000-000000000012','2022-07-15'),
  ('STD195','Qanita Zahira','qanita.zahira@student.com','Female','2005-11-03','c1000000-0000-0000-0000-000000000012','2022-07-15'),
  ('STD196','Rendy Pratama','rendy.pratama@student.com','Male','2005-06-15','c1000000-0000-0000-0000-000000000012','2022-07-15'),
  ('STD197','Siska Amalia','siska.amalia@student.com','Female','2005-03-27','c1000000-0000-0000-0000-000000000012','2022-07-15'),
  ('STD198','Tito Prayogo','tito.prayogo@student.com','Male','2005-10-08','c1000000-0000-0000-0000-000000000012','2022-07-15'),
  ('STD199','Ulfa Permata','ulfa.permata@student.com','Female','2005-07-20','c1000000-0000-0000-0000-000000000012','2022-07-15'),
  ('STD200','Vino Saputra','vino.saputra@student.com','Male','2005-04-01','c1000000-0000-0000-0000-000000000012','2022-07-15');

-- ── TEACHER ASSIGNMENTS ───────────────────────────────────────
-- Setiap guru pegang mapelnya di semua kelas (12 kelas x 14 mapel)
-- Guru 01=Mtk, 02=BInd, 03=BIng, 04=IPA, 05=IPS, 06=Fis, 07=Kim,
--      08=Bio, 09=Seni, 10=OR, 11=PKN, 12=Agama, 13=BK, 14=Sej
--      15=Mtk(backup), 16=BIng(backup), 17=Fis(backup), 18=Kim(backup)
--      19=Bio(backup), 20=IPS(backup)
-- 12 kelas × 14 mapel = 168 assignments, dibagi rata ke 20 guru

INSERT INTO teacher_assignments (teacher_id, class_id, subject_id) VALUES
-- Guru Matematika (EMP001) → kelas X-A, X-B, X-C, X-D, XI-A, XI-B
  ('b1000000-0000-0000-0000-000000000001','c1000000-0000-0000-0000-000000000001','a1000000-0000-0000-0000-000000000001'),
  ('b1000000-0000-0000-0000-000000000001','c1000000-0000-0000-0000-000000000002','a1000000-0000-0000-0000-000000000001'),
  ('b1000000-0000-0000-0000-000000000001','c1000000-0000-0000-0000-000000000003','a1000000-0000-0000-0000-000000000001'),
  ('b1000000-0000-0000-0000-000000000001','c1000000-0000-0000-0000-000000000004','a1000000-0000-0000-0000-000000000001'),
  ('b1000000-0000-0000-0000-000000000001','c1000000-0000-0000-0000-000000000005','a1000000-0000-0000-0000-000000000001'),
  ('b1000000-0000-0000-0000-000000000001','c1000000-0000-0000-0000-000000000006','a1000000-0000-0000-0000-000000000001'),
-- Guru Matematika (EMP015) → kelas XI-C, XI-D, XII-A, XII-B, XII-C, XII-D
  ('b1000000-0000-0000-0000-000000000015','c1000000-0000-0000-0000-000000000007','a1000000-0000-0000-0000-000000000001'),
  ('b1000000-0000-0000-0000-000000000015','c1000000-0000-0000-0000-000000000008','a1000000-0000-0000-0000-000000000001'),
  ('b1000000-0000-0000-0000-000000000015','c1000000-0000-0000-0000-000000000009','a1000000-0000-0000-0000-000000000001'),
  ('b1000000-0000-0000-0000-000000000015','c1000000-0000-0000-0000-000000000010','a1000000-0000-0000-0000-000000000001'),
  ('b1000000-0000-0000-0000-000000000015','c1000000-0000-0000-0000-000000000011','a1000000-0000-0000-0000-000000000001'),
  ('b1000000-0000-0000-0000-000000000015','c1000000-0000-0000-0000-000000000012','a1000000-0000-0000-0000-000000000001'),
-- Guru B.Indonesia (EMP002) → semua 12 kelas
  ('b1000000-0000-0000-0000-000000000002','c1000000-0000-0000-0000-000000000001','a1000000-0000-0000-0000-000000000002'),
  ('b1000000-0000-0000-0000-000000000002','c1000000-0000-0000-0000-000000000002','a1000000-0000-0000-0000-000000000002'),
  ('b1000000-0000-0000-0000-000000000002','c1000000-0000-0000-0000-000000000003','a1000000-0000-0000-0000-000000000002'),
  ('b1000000-0000-0000-0000-000000000002','c1000000-0000-0000-0000-000000000004','a1000000-0000-0000-0000-000000000002'),
  ('b1000000-0000-0000-0000-000000000002','c1000000-0000-0000-0000-000000000005','a1000000-0000-0000-0000-000000000002'),
  ('b1000000-0000-0000-0000-000000000002','c1000000-0000-0000-0000-000000000006','a1000000-0000-0000-0000-000000000002'),
  ('b1000000-0000-0000-0000-000000000002','c1000000-0000-0000-0000-000000000007','a1000000-0000-0000-0000-000000000002'),
  ('b1000000-0000-0000-0000-000000000002','c1000000-0000-0000-0000-000000000008','a1000000-0000-0000-0000-000000000002'),
  ('b1000000-0000-0000-0000-000000000002','c1000000-0000-0000-0000-000000000009','a1000000-0000-0000-0000-000000000002'),
  ('b1000000-0000-0000-0000-000000000002','c1000000-0000-0000-0000-000000000010','a1000000-0000-0000-0000-000000000002'),
  ('b1000000-0000-0000-0000-000000000002','c1000000-0000-0000-0000-000000000011','a1000000-0000-0000-0000-000000000002'),
  ('b1000000-0000-0000-0000-000000000002','c1000000-0000-0000-0000-000000000012','a1000000-0000-0000-0000-000000000002'),
-- Guru B.Inggris (EMP003) → X-A ~ XI-B
  ('b1000000-0000-0000-0000-000000000003','c1000000-0000-0000-0000-000000000001','a1000000-0000-0000-0000-000000000003'),
  ('b1000000-0000-0000-0000-000000000003','c1000000-0000-0000-0000-000000000002','a1000000-0000-0000-0000-000000000003'),
  ('b1000000-0000-0000-0000-000000000003','c1000000-0000-0000-0000-000000000003','a1000000-0000-0000-0000-000000000003'),
  ('b1000000-0000-0000-0000-000000000003','c1000000-0000-0000-0000-000000000004','a1000000-0000-0000-0000-000000000003'),
  ('b1000000-0000-0000-0000-000000000003','c1000000-0000-0000-0000-000000000005','a1000000-0000-0000-0000-000000000003'),
  ('b1000000-0000-0000-0000-000000000003','c1000000-0000-0000-0000-000000000006','a1000000-0000-0000-0000-000000000003'),
-- Guru B.Inggris (EMP016) → XI-C ~ XII-D
  ('b1000000-0000-0000-0000-000000000016','c1000000-0000-0000-0000-000000000007','a1000000-0000-0000-0000-000000000003'),
  ('b1000000-0000-0000-0000-000000000016','c1000000-0000-0000-0000-000000000008','a1000000-0000-0000-0000-000000000003'),
  ('b1000000-0000-0000-0000-000000000016','c1000000-0000-0000-0000-000000000009','a1000000-0000-0000-0000-000000000003'),
  ('b1000000-0000-0000-0000-000000000016','c1000000-0000-0000-0000-000000000010','a1000000-0000-0000-0000-000000000003'),
  ('b1000000-0000-0000-0000-000000000016','c1000000-0000-0000-0000-000000000011','a1000000-0000-0000-0000-000000000003'),
  ('b1000000-0000-0000-0000-000000000016','c1000000-0000-0000-0000-000000000012','a1000000-0000-0000-0000-000000000003'),
-- Guru IPA (EMP004) → semua 12 kelas
  ('b1000000-0000-0000-0000-000000000004','c1000000-0000-0000-0000-000000000001','a1000000-0000-0000-0000-000000000004'),
  ('b1000000-0000-0000-0000-000000000004','c1000000-0000-0000-0000-000000000002','a1000000-0000-0000-0000-000000000004'),
  ('b1000000-0000-0000-0000-000000000004','c1000000-0000-0000-0000-000000000003','a1000000-0000-0000-0000-000000000004'),
  ('b1000000-0000-0000-0000-000000000004','c1000000-0000-0000-0000-000000000004','a1000000-0000-0000-0000-000000000004'),
  ('b1000000-0000-0000-0000-000000000004','c1000000-0000-0000-0000-000000000005','a1000000-0000-0000-0000-000000000004'),
  ('b1000000-0000-0000-0000-000000000004','c1000000-0000-0000-0000-000000000006','a1000000-0000-0000-0000-000000000004'),
  ('b1000000-0000-0000-0000-000000000004','c1000000-0000-0000-0000-000000000007','a1000000-0000-0000-0000-000000000004'),
  ('b1000000-0000-0000-0000-000000000004','c1000000-0000-0000-0000-000000000008','a1000000-0000-0000-0000-000000000004'),
  ('b1000000-0000-0000-0000-000000000004','c1000000-0000-0000-0000-000000000009','a1000000-0000-0000-0000-000000000004'),
  ('b1000000-0000-0000-0000-000000000004','c1000000-0000-0000-0000-000000000010','a1000000-0000-0000-0000-000000000004'),
  ('b1000000-0000-0000-0000-000000000004','c1000000-0000-0000-0000-000000000011','a1000000-0000-0000-0000-000000000004'),
  ('b1000000-0000-0000-0000-000000000004','c1000000-0000-0000-0000-000000000012','a1000000-0000-0000-0000-000000000004'),
-- Guru IPS (EMP005) → X-A ~ XI-B
  ('b1000000-0000-0000-0000-000000000005','c1000000-0000-0000-0000-000000000001','a1000000-0000-0000-0000-000000000005'),
  ('b1000000-0000-0000-0000-000000000005','c1000000-0000-0000-0000-000000000002','a1000000-0000-0000-0000-000000000005'),
  ('b1000000-0000-0000-0000-000000000005','c1000000-0000-0000-0000-000000000003','a1000000-0000-0000-0000-000000000005'),
  ('b1000000-0000-0000-0000-000000000005','c1000000-0000-0000-0000-000000000004','a1000000-0000-0000-0000-000000000005'),
  ('b1000000-0000-0000-0000-000000000005','c1000000-0000-0000-0000-000000000005','a1000000-0000-0000-0000-000000000005'),
  ('b1000000-0000-0000-0000-000000000005','c1000000-0000-0000-0000-000000000006','a1000000-0000-0000-0000-000000000005'),
-- Guru IPS (EMP020) → XI-C ~ XII-D
  ('b1000000-0000-0000-0000-000000000020','c1000000-0000-0000-0000-000000000007','a1000000-0000-0000-0000-000000000005'),
  ('b1000000-0000-0000-0000-000000000020','c1000000-0000-0000-0000-000000000008','a1000000-0000-0000-0000-000000000005'),
  ('b1000000-0000-0000-0000-000000000020','c1000000-0000-0000-0000-000000000009','a1000000-0000-0000-0000-000000000005'),
  ('b1000000-0000-0000-0000-000000000020','c1000000-0000-0000-0000-000000000010','a1000000-0000-0000-0000-000000000005'),
  ('b1000000-0000-0000-0000-000000000020','c1000000-0000-0000-0000-000000000011','a1000000-0000-0000-0000-000000000005'),
  ('b1000000-0000-0000-0000-000000000020','c1000000-0000-0000-0000-000000000012','a1000000-0000-0000-0000-000000000005'),
-- Guru Fisika (EMP006) → X-A ~ XI-B
  ('b1000000-0000-0000-0000-000000000006','c1000000-0000-0000-0000-000000000001','a1000000-0000-0000-0000-000000000006'),
  ('b1000000-0000-0000-0000-000000000006','c1000000-0000-0000-0000-000000000002','a1000000-0000-0000-0000-000000000006'),
  ('b1000000-0000-0000-0000-000000000006','c1000000-0000-0000-0000-000000000003','a1000000-0000-0000-0000-000000000006'),
  ('b1000000-0000-0000-0000-000000000006','c1000000-0000-0000-0000-000000000004','a1000000-0000-0000-0000-000000000006'),
  ('b1000000-0000-0000-0000-000000000006','c1000000-0000-0000-0000-000000000005','a1000000-0000-0000-0000-000000000006'),
  ('b1000000-0000-0000-0000-000000000006','c1000000-0000-0000-0000-000000000006','a1000000-0000-0000-0000-000000000006'),
-- Guru Fisika (EMP017) → XI-C ~ XII-D
  ('b1000000-0000-0000-0000-000000000017','c1000000-0000-0000-0000-000000000007','a1000000-0000-0000-0000-000000000006'),
  ('b1000000-0000-0000-0000-000000000017','c1000000-0000-0000-0000-000000000008','a1000000-0000-0000-0000-000000000006'),
  ('b1000000-0000-0000-0000-000000000017','c1000000-0000-0000-0000-000000000009','a1000000-0000-0000-0000-000000000006'),
  ('b1000000-0000-0000-0000-000000000017','c1000000-0000-0000-0000-000000000010','a1000000-0000-0000-0000-000000000006'),
  ('b1000000-0000-0000-0000-000000000017','c1000000-0000-0000-0000-000000000011','a1000000-0000-0000-0000-000000000006'),
  ('b1000000-0000-0000-0000-000000000017','c1000000-0000-0000-0000-000000000012','a1000000-0000-0000-0000-000000000006'),
-- Guru Kimia (EMP007) → X-A ~ XI-B
  ('b1000000-0000-0000-0000-000000000007','c1000000-0000-0000-0000-000000000001','a1000000-0000-0000-0000-000000000007'),
  ('b1000000-0000-0000-0000-000000000007','c1000000-0000-0000-0000-000000000002','a1000000-0000-0000-0000-000000000007'),
  ('b1000000-0000-0000-0000-000000000007','c1000000-0000-0000-0000-000000000003','a1000000-0000-0000-0000-000000000007'),
  ('b1000000-0000-0000-0000-000000000007','c1000000-0000-0000-0000-000000000004','a1000000-0000-0000-0000-000000000007'),
  ('b1000000-0000-0000-0000-000000000007','c1000000-0000-0000-0000-000000000005','a1000000-0000-0000-0000-000000000007'),
  ('b1000000-0000-0000-0000-000000000007','c1000000-0000-0000-0000-000000000006','a1000000-0000-0000-0000-000000000007'),
-- Guru Kimia (EMP018) → XI-C ~ XII-D
  ('b1000000-0000-0000-0000-000000000018','c1000000-0000-0000-0000-000000000007','a1000000-0000-0000-0000-000000000007'),
  ('b1000000-0000-0000-0000-000000000018','c1000000-0000-0000-0000-000000000008','a1000000-0000-0000-0000-000000000007'),
  ('b1000000-0000-0000-0000-000000000018','c1000000-0000-0000-0000-000000000009','a1000000-0000-0000-0000-000000000007'),
  ('b1000000-0000-0000-0000-000000000018','c1000000-0000-0000-0000-000000000010','a1000000-0000-0000-0000-000000000007'),
  ('b1000000-0000-0000-0000-000000000018','c1000000-0000-0000-0000-000000000011','a1000000-0000-0000-0000-000000000007'),
  ('b1000000-0000-0000-0000-000000000018','c1000000-0000-0000-0000-000000000012','a1000000-0000-0000-0000-000000000007'),
-- Guru Biologi (EMP008) → X-A ~ XI-B
  ('b1000000-0000-0000-0000-000000000008','c1000000-0000-0000-0000-000000000001','a1000000-0000-0000-0000-000000000008'),
  ('b1000000-0000-0000-0000-000000000008','c1000000-0000-0000-0000-000000000002','a1000000-0000-0000-0000-000000000008'),
  ('b1000000-0000-0000-0000-000000000008','c1000000-0000-0000-0000-000000000003','a1000000-0000-0000-0000-000000000008'),
  ('b1000000-0000-0000-0000-000000000008','c1000000-0000-0000-0000-000000000004','a1000000-0000-0000-0000-000000000008'),
  ('b1000000-0000-0000-0000-000000000008','c1000000-0000-0000-0000-000000000005','a1000000-0000-0000-0000-000000000008'),
  ('b1000000-0000-0000-0000-000000000008','c1000000-0000-0000-0000-000000000006','a1000000-0000-0000-0000-000000000008'),
-- Guru Biologi (EMP019) → XI-C ~ XII-D
  ('b1000000-0000-0000-0000-000000000019','c1000000-0000-0000-0000-000000000007','a1000000-0000-0000-0000-000000000008'),
  ('b1000000-0000-0000-0000-000000000019','c1000000-0000-0000-0000-000000000008','a1000000-0000-0000-0000-000000000008'),
  ('b1000000-0000-0000-0000-000000000019','c1000000-0000-0000-0000-000000000009','a1000000-0000-0000-0000-000000000008'),
  ('b1000000-0000-0000-0000-000000000019','c1000000-0000-0000-0000-000000000010','a1000000-0000-0000-0000-000000000008'),
  ('b1000000-0000-0000-0000-000000000019','c1000000-0000-0000-0000-000000000011','a1000000-0000-0000-0000-000000000008'),
  ('b1000000-0000-0000-0000-000000000019','c1000000-0000-0000-0000-000000000012','a1000000-0000-0000-0000-000000000008'),
-- Guru Seni (EMP009) → semua 12 kelas
  ('b1000000-0000-0000-0000-000000000009','c1000000-0000-0000-0000-000000000001','a1000000-0000-0000-0000-000000000009'),
  ('b1000000-0000-0000-0000-000000000009','c1000000-0000-0000-0000-000000000002','a1000000-0000-0000-0000-000000000009'),
  ('b1000000-0000-0000-0000-000000000009','c1000000-0000-0000-0000-000000000003','a1000000-0000-0000-0000-000000000009'),
  ('b1000000-0000-0000-0000-000000000009','c1000000-0000-0000-0000-000000000004','a1000000-0000-0000-0000-000000000009'),
  ('b1000000-0000-0000-0000-000000000009','c1000000-0000-0000-0000-000000000005','a1000000-0000-0000-0000-000000000009'),
  ('b1000000-0000-0000-0000-000000000009','c1000000-0000-0000-0000-000000000006','a1000000-0000-0000-0000-000000000009'),
  ('b1000000-0000-0000-0000-000000000009','c1000000-0000-0000-0000-000000000007','a1000000-0000-0000-0000-000000000009'),
  ('b1000000-0000-0000-0000-000000000009','c1000000-0000-0000-0000-000000000008','a1000000-0000-0000-0000-000000000009'),
  ('b1000000-0000-0000-0000-000000000009','c1000000-0000-0000-0000-000000000009','a1000000-0000-0000-0000-000000000009'),
  ('b1000000-0000-0000-0000-000000000009','c1000000-0000-0000-0000-000000000010','a1000000-0000-0000-0000-000000000009'),
  ('b1000000-0000-0000-0000-000000000009','c1000000-0000-0000-0000-000000000011','a1000000-0000-0000-0000-000000000009'),
  ('b1000000-0000-0000-0000-000000000009','c1000000-0000-0000-0000-000000000012','a1000000-0000-0000-0000-000000000009'),
-- Guru Olahraga (EMP010) → semua 12 kelas
  ('b1000000-0000-0000-0000-000000000010','c1000000-0000-0000-0000-000000000001','a1000000-0000-0000-0000-000000000010'),
  ('b1000000-0000-0000-0000-000000000010','c1000000-0000-0000-0000-000000000002','a1000000-0000-0000-0000-000000000010'),
  ('b1000000-0000-0000-0000-000000000010','c1000000-0000-0000-0000-000000000003','a1000000-0000-0000-0000-000000000010'),
  ('b1000000-0000-0000-0000-000000000010','c1000000-0000-0000-0000-000000000004','a1000000-0000-0000-0000-000000000010'),
  ('b1000000-0000-0000-0000-000000000010','c1000000-0000-0000-0000-000000000005','a1000000-0000-0000-0000-000000000010'),
  ('b1000000-0000-0000-0000-000000000010','c1000000-0000-0000-0000-000000000006','a1000000-0000-0000-0000-000000000010'),
  ('b1000000-0000-0000-0000-000000000010','c1000000-0000-0000-0000-000000000007','a1000000-0000-0000-0000-000000000010'),
  ('b1000000-0000-0000-0000-000000000010','c1000000-0000-0000-0000-000000000008','a1000000-0000-0000-0000-000000000010'),
  ('b1000000-0000-0000-0000-000000000010','c1000000-0000-0000-0000-000000000009','a1000000-0000-0000-0000-000000000010'),
  ('b1000000-0000-0000-0000-000000000010','c1000000-0000-0000-0000-000000000010','a1000000-0000-0000-0000-000000000010'),
  ('b1000000-0000-0000-0000-000000000010','c1000000-0000-0000-0000-000000000011','a1000000-0000-0000-0000-000000000010'),
  ('b1000000-0000-0000-0000-000000000010','c1000000-0000-0000-0000-000000000012','a1000000-0000-0000-0000-000000000010'),
-- Guru PKN (EMP011) → semua 12 kelas
  ('b1000000-0000-0000-0000-000000000011','c1000000-0000-0000-0000-000000000001','a1000000-0000-0000-0000-000000000011'),
  ('b1000000-0000-0000-0000-000000000011','c1000000-0000-0000-0000-000000000002','a1000000-0000-0000-0000-000000000011'),
  ('b1000000-0000-0000-0000-000000000011','c1000000-0000-0000-0000-000000000003','a1000000-0000-0000-0000-000000000011'),
  ('b1000000-0000-0000-0000-000000000011','c1000000-0000-0000-0000-000000000004','a1000000-0000-0000-0000-000000000011'),
  ('b1000000-0000-0000-0000-000000000011','c1000000-0000-0000-0000-000000000005','a1000000-0000-0000-0000-000000000011'),
  ('b1000000-0000-0000-0000-000000000011','c1000000-0000-0000-0000-000000000006','a1000000-0000-0000-0000-000000000011'),
  ('b1000000-0000-0000-0000-000000000011','c1000000-0000-0000-0000-000000000007','a1000000-0000-0000-0000-000000000011'),
  ('b1000000-0000-0000-0000-000000000011','c1000000-0000-0000-0000-000000000008','a1000000-0000-0000-0000-000000000011'),
  ('b1000000-0000-0000-0000-000000000011','c1000000-0000-0000-0000-000000000009','a1000000-0000-0000-0000-000000000011'),
  ('b1000000-0000-0000-0000-000000000011','c1000000-0000-0000-0000-000000000010','a1000000-0000-0000-0000-000000000011'),
  ('b1000000-0000-0000-0000-000000000011','c1000000-0000-0000-0000-000000000011','a1000000-0000-0000-0000-000000000011'),
  ('b1000000-0000-0000-0000-000000000011','c1000000-0000-0000-0000-000000000012','a1000000-0000-0000-0000-000000000011'),
-- Guru Agama (EMP012) → semua 12 kelas
  ('b1000000-0000-0000-0000-000000000012','c1000000-0000-0000-0000-000000000001','a1000000-0000-0000-0000-000000000012'),
  ('b1000000-0000-0000-0000-000000000012','c1000000-0000-0000-0000-000000000002','a1000000-0000-0000-0000-000000000012'),
  ('b1000000-0000-0000-0000-000000000012','c1000000-0000-0000-0000-000000000003','a1000000-0000-0000-0000-000000000012'),
  ('b1000000-0000-0000-0000-000000000012','c1000000-0000-0000-0000-000000000004','a1000000-0000-0000-0000-000000000012'),
  ('b1000000-0000-0000-0000-000000000012','c1000000-0000-0000-0000-000000000005','a1000000-0000-0000-0000-000000000012'),
  ('b1000000-0000-0000-0000-000000000012','c1000000-0000-0000-0000-000000000006','a1000000-0000-0000-0000-000000000012'),
  ('b1000000-0000-0000-0000-000000000012','c1000000-0000-0000-0000-000000000007','a1000000-0000-0000-0000-000000000012'),
  ('b1000000-0000-0000-0000-000000000012','c1000000-0000-0000-0000-000000000008','a1000000-0000-0000-0000-000000000012'),
  ('b1000000-0000-0000-0000-000000000012','c1000000-0000-0000-0000-000000000009','a1000000-0000-0000-0000-000000000012'),
  ('b1000000-0000-0000-0000-000000000012','c1000000-0000-0000-0000-000000000010','a1000000-0000-0000-0000-000000000012'),
  ('b1000000-0000-0000-0000-000000000012','c1000000-0000-0000-0000-000000000011','a1000000-0000-0000-0000-000000000012'),
  ('b1000000-0000-0000-0000-000000000012','c1000000-0000-0000-0000-000000000012','a1000000-0000-0000-0000-000000000012'),
-- Guru BK (EMP013) → semua 12 kelas
  ('b1000000-0000-0000-0000-000000000013','c1000000-0000-0000-0000-000000000001','a1000000-0000-0000-0000-000000000013'),
  ('b1000000-0000-0000-0000-000000000013','c1000000-0000-0000-0000-000000000002','a1000000-0000-0000-0000-000000000013'),
  ('b1000000-0000-0000-0000-000000000013','c1000000-0000-0000-0000-000000000003','a1000000-0000-0000-0000-000000000013'),
  ('b1000000-0000-0000-0000-000000000013','c1000000-0000-0000-0000-000000000004','a1000000-0000-0000-0000-000000000013'),
  ('b1000000-0000-0000-0000-000000000013','c1000000-0000-0000-0000-000000000005','a1000000-0000-0000-0000-000000000013'),
  ('b1000000-0000-0000-0000-000000000013','c1000000-0000-0000-0000-000000000006','a1000000-0000-0000-0000-000000000013'),
  ('b1000000-0000-0000-0000-000000000013','c1000000-0000-0000-0000-000000000007','a1000000-0000-0000-0000-000000000013'),
  ('b1000000-0000-0000-0000-000000000013','c1000000-0000-0000-0000-000000000008','a1000000-0000-0000-0000-000000000013'),
  ('b1000000-0000-0000-0000-000000000013','c1000000-0000-0000-0000-000000000009','a1000000-0000-0000-0000-000000000013'),
  ('b1000000-0000-0000-0000-000000000013','c1000000-0000-0000-0000-000000000010','a1000000-0000-0000-0000-000000000013'),
  ('b1000000-0000-0000-0000-000000000013','c1000000-0000-0000-0000-000000000011','a1000000-0000-0000-0000-000000000013'),
  ('b1000000-0000-0000-0000-000000000013','c1000000-0000-0000-0000-000000000012','a1000000-0000-0000-0000-000000000013'),
-- Guru Sejarah (EMP014) → semua 12 kelas
  ('b1000000-0000-0000-0000-000000000014','c1000000-0000-0000-0000-000000000001','a1000000-0000-0000-0000-000000000014'),
  ('b1000000-0000-0000-0000-000000000014','c1000000-0000-0000-0000-000000000002','a1000000-0000-0000-0000-000000000014'),
  ('b1000000-0000-0000-0000-000000000014','c1000000-0000-0000-0000-000000000003','a1000000-0000-0000-0000-000000000014'),
  ('b1000000-0000-0000-0000-000000000014','c1000000-0000-0000-0000-000000000004','a1000000-0000-0000-0000-000000000014'),
  ('b1000000-0000-0000-0000-000000000014','c1000000-0000-0000-0000-000000000005','a1000000-0000-0000-0000-000000000014'),
  ('b1000000-0000-0000-0000-000000000014','c1000000-0000-0000-0000-000000000006','a1000000-0000-0000-0000-000000000014'),
  ('b1000000-0000-0000-0000-000000000014','c1000000-0000-0000-0000-000000000007','a1000000-0000-0000-0000-000000000014'),
  ('b1000000-0000-0000-0000-000000000014','c1000000-0000-0000-0000-000000000008','a1000000-0000-0000-0000-000000000014'),
  ('b1000000-0000-0000-0000-000000000014','c1000000-0000-0000-0000-000000000009','a1000000-0000-0000-0000-000000000014'),
  ('b1000000-0000-0000-0000-000000000014','c1000000-0000-0000-0000-000000000010','a1000000-0000-0000-0000-000000000014'),
  ('b1000000-0000-0000-0000-000000000014','c1000000-0000-0000-0000-000000000011','a1000000-0000-0000-0000-000000000014'),
  ('b1000000-0000-0000-0000-000000000014','c1000000-0000-0000-0000-000000000012','a1000000-0000-0000-0000-000000000014');

-- ── SCHEDULES ────────────────────────────────────────────────
-- 5 mapel per hari, Senin(1)-Jumat(5), per kelas
-- Jadwal: 07:00-08:30(1.5j), 08:30-09:30(1j), 09:30-10:30(1j), 10:30-11:30(1j), 11:30-12:30(1j)
-- Rotasi mapel per hari (semua 12 kelas pola sama, guru beda)

-- Helper: 12 kelas × 5 hari × 5 slot = 300 jadwal
-- Hari 1=Senin: Mtk(90m), BInd(60m), BIng(60m), IPA(60m), IPS(60m)
-- Hari 2=Selasa: Fis(90m), Kim(60m), Bio(60m), Seni(60m), OR(60m)
-- Hari 3=Rabu: PKN(90m), Agama(60m), BK(60m), Sej(60m), Mtk(60m)
-- Hari 4=Kamis: BInd(90m), BIng(60m), IPA(60m), IPS(60m), Fis(60m)
-- Hari 5=Jumat: Kim(90m), Bio(60m), Seni(60m), OR(60m), PKN(60m)

-- KELAS X-A
INSERT INTO class_schedules (class_id, subject_id, teacher_id, day_of_week, start_time, end_time) VALUES
  ('c1000000-0000-0000-0000-000000000001','a1000000-0000-0000-0000-000000000001','b1000000-0000-0000-0000-000000000001',1,'07:00','08:30'),
  ('c1000000-0000-0000-0000-000000000001','a1000000-0000-0000-0000-000000000002','b1000000-0000-0000-0000-000000000002',1,'08:30','09:30'),
  ('c1000000-0000-0000-0000-000000000001','a1000000-0000-0000-0000-000000000003','b1000000-0000-0000-0000-000000000003',1,'09:30','10:30'),
  ('c1000000-0000-0000-0000-000000000001','a1000000-0000-0000-0000-000000000004','b1000000-0000-0000-0000-000000000004',1,'10:30','11:30'),
  ('c1000000-0000-0000-0000-000000000001','a1000000-0000-0000-0000-000000000005','b1000000-0000-0000-0000-000000000005',1,'11:30','12:30'),
  ('c1000000-0000-0000-0000-000000000001','a1000000-0000-0000-0000-000000000006','b1000000-0000-0000-0000-000000000006',2,'07:00','08:30'),
  ('c1000000-0000-0000-0000-000000000001','a1000000-0000-0000-0000-000000000007','b1000000-0000-0000-0000-000000000007',2,'08:30','09:30'),
  ('c1000000-0000-0000-0000-000000000001','a1000000-0000-0000-0000-000000000008','b1000000-0000-0000-0000-000000000008',2,'09:30','10:30'),
  ('c1000000-0000-0000-0000-000000000001','a1000000-0000-0000-0000-000000000009','b1000000-0000-0000-0000-000000000009',2,'10:30','11:30'),
  ('c1000000-0000-0000-0000-000000000001','a1000000-0000-0000-0000-000000000010','b1000000-0000-0000-0000-000000000010',2,'11:30','12:30'),
  ('c1000000-0000-0000-0000-000000000001','a1000000-0000-0000-0000-000000000011','b1000000-0000-0000-0000-000000000011',3,'07:00','08:30'),
  ('c1000000-0000-0000-0000-000000000001','a1000000-0000-0000-0000-000000000012','b1000000-0000-0000-0000-000000000012',3,'08:30','09:30'),
  ('c1000000-0000-0000-0000-000000000001','a1000000-0000-0000-0000-000000000013','b1000000-0000-0000-0000-000000000013',3,'09:30','10:30'),
  ('c1000000-0000-0000-0000-000000000001','a1000000-0000-0000-0000-000000000014','b1000000-0000-0000-0000-000000000014',3,'10:30','11:30'),
  ('c1000000-0000-0000-0000-000000000001','a1000000-0000-0000-0000-000000000001','b1000000-0000-0000-0000-000000000001',3,'11:30','12:30'),
  ('c1000000-0000-0000-0000-000000000001','a1000000-0000-0000-0000-000000000002','b1000000-0000-0000-0000-000000000002',4,'07:00','08:30'),
  ('c1000000-0000-0000-0000-000000000001','a1000000-0000-0000-0000-000000000003','b1000000-0000-0000-0000-000000000003',4,'08:30','09:30'),
  ('c1000000-0000-0000-0000-000000000001','a1000000-0000-0000-0000-000000000004','b1000000-0000-0000-0000-000000000004',4,'09:30','10:30'),
  ('c1000000-0000-0000-0000-000000000001','a1000000-0000-0000-0000-000000000005','b1000000-0000-0000-0000-000000000005',4,'10:30','11:30'),
  ('c1000000-0000-0000-0000-000000000001','a1000000-0000-0000-0000-000000000006','b1000000-0000-0000-0000-000000000006',4,'11:30','12:30'),
  ('c1000000-0000-0000-0000-000000000001','a1000000-0000-0000-0000-000000000007','b1000000-0000-0000-0000-000000000007',5,'07:00','08:30'),
  ('c1000000-0000-0000-0000-000000000001','a1000000-0000-0000-0000-000000000008','b1000000-0000-0000-0000-000000000008',5,'08:30','09:30'),
  ('c1000000-0000-0000-0000-000000000001','a1000000-0000-0000-0000-000000000009','b1000000-0000-0000-0000-000000000009',5,'09:30','10:30'),
  ('c1000000-0000-0000-0000-000000000001','a1000000-0000-0000-0000-000000000010','b1000000-0000-0000-0000-000000000010',5,'10:30','11:30'),
  ('c1000000-0000-0000-0000-000000000001','a1000000-0000-0000-0000-000000000011','b1000000-0000-0000-0000-000000000011',5,'11:30','12:30');

-- KELAS X-B
INSERT INTO class_schedules (class_id, subject_id, teacher_id, day_of_week, start_time, end_time) VALUES
  ('c1000000-0000-0000-0000-000000000002','a1000000-0000-0000-0000-000000000001','b1000000-0000-0000-0000-000000000001',1,'07:00','08:30'),
  ('c1000000-0000-0000-0000-000000000002','a1000000-0000-0000-0000-000000000002','b1000000-0000-0000-0000-000000000002',1,'08:30','09:30'),
  ('c1000000-0000-0000-0000-000000000002','a1000000-0000-0000-0000-000000000003','b1000000-0000-0000-0000-000000000003',1,'09:30','10:30'),
  ('c1000000-0000-0000-0000-000000000002','a1000000-0000-0000-0000-000000000004','b1000000-0000-0000-0000-000000000004',1,'10:30','11:30'),
  ('c1000000-0000-0000-0000-000000000002','a1000000-0000-0000-0000-000000000005','b1000000-0000-0000-0000-000000000005',1,'11:30','12:30'),
  ('c1000000-0000-0000-0000-000000000002','a1000000-0000-0000-0000-000000000006','b1000000-0000-0000-0000-000000000006',2,'07:00','08:30'),
  ('c1000000-0000-0000-0000-000000000002','a1000000-0000-0000-0000-000000000007','b1000000-0000-0000-0000-000000000007',2,'08:30','09:30'),
  ('c1000000-0000-0000-0000-000000000002','a1000000-0000-0000-0000-000000000008','b1000000-0000-0000-0000-000000000008',2,'09:30','10:30'),
  ('c1000000-0000-0000-0000-000000000002','a1000000-0000-0000-0000-000000000009','b1000000-0000-0000-0000-000000000009',2,'10:30','11:30'),
  ('c1000000-0000-0000-0000-000000000002','a1000000-0000-0000-0000-000000000010','b1000000-0000-0000-0000-000000000010',2,'11:30','12:30'),
  ('c1000000-0000-0000-0000-000000000002','a1000000-0000-0000-0000-000000000011','b1000000-0000-0000-0000-000000000011',3,'07:00','08:30'),
  ('c1000000-0000-0000-0000-000000000002','a1000000-0000-0000-0000-000000000012','b1000000-0000-0000-0000-000000000012',3,'08:30','09:30'),
  ('c1000000-0000-0000-0000-000000000002','a1000000-0000-0000-0000-000000000013','b1000000-0000-0000-0000-000000000013',3,'09:30','10:30'),
  ('c1000000-0000-0000-0000-000000000002','a1000000-0000-0000-0000-000000000014','b1000000-0000-0000-0000-000000000014',3,'10:30','11:30'),
  ('c1000000-0000-0000-0000-000000000002','a1000000-0000-0000-0000-000000000001','b1000000-0000-0000-0000-000000000001',3,'11:30','12:30'),
  ('c1000000-0000-0000-0000-000000000002','a1000000-0000-0000-0000-000000000002','b1000000-0000-0000-0000-000000000002',4,'07:00','08:30'),
  ('c1000000-0000-0000-0000-000000000002','a1000000-0000-0000-0000-000000000003','b1000000-0000-0000-0000-000000000003',4,'08:30','09:30'),
  ('c1000000-0000-0000-0000-000000000002','a1000000-0000-0000-0000-000000000004','b1000000-0000-0000-0000-000000000004',4,'09:30','10:30'),
  ('c1000000-0000-0000-0000-000000000002','a1000000-0000-0000-0000-000000000005','b1000000-0000-0000-0000-000000000005',4,'10:30','11:30'),
  ('c1000000-0000-0000-0000-000000000002','a1000000-0000-0000-0000-000000000006','b1000000-0000-0000-0000-000000000006',4,'11:30','12:30'),
  ('c1000000-0000-0000-0000-000000000002','a1000000-0000-0000-0000-000000000007','b1000000-0000-0000-0000-000000000007',5,'07:00','08:30'),
  ('c1000000-0000-0000-0000-000000000002','a1000000-0000-0000-0000-000000000008','b1000000-0000-0000-0000-000000000008',5,'08:30','09:30'),
  ('c1000000-0000-0000-0000-000000000002','a1000000-0000-0000-0000-000000000009','b1000000-0000-0000-0000-000000000009',5,'09:30','10:30'),
  ('c1000000-0000-0000-0000-000000000002','a1000000-0000-0000-0000-000000000010','b1000000-0000-0000-0000-000000000010',5,'10:30','11:30'),
  ('c1000000-0000-0000-0000-000000000002','a1000000-0000-0000-0000-000000000011','b1000000-0000-0000-0000-000000000011',5,'11:30','12:30');

-- KELAS X-C s/d XII-D: pola sama, guru disesuaikan per kelas 10/11/12
-- X-C, X-D → guru sama dgn X-A/X-B (kelas 10)
-- XI-A~XI-D → guru mapel tertentu pakai backup (EMP015,016,017,018,019,020)
-- XII-A~XII-D → sama dgn XI

-- X-C
INSERT INTO class_schedules (class_id, subject_id, teacher_id, day_of_week, start_time, end_time) VALUES
  ('c1000000-0000-0000-0000-000000000003','a1000000-0000-0000-0000-000000000001','b1000000-0000-0000-0000-000000000001',1,'07:00','08:30'),
  ('c1000000-0000-0000-0000-000000000003','a1000000-0000-0000-0000-000000000002','b1000000-0000-0000-0000-000000000002',1,'08:30','09:30'),
  ('c1000000-0000-0000-0000-000000000003','a1000000-0000-0000-0000-000000000003','b1000000-0000-0000-0000-000000000003',1,'09:30','10:30'),
  ('c1000000-0000-0000-0000-000000000003','a1000000-0000-0000-0000-000000000004','b1000000-0000-0000-0000-000000000004',1,'10:30','11:30'),
  ('c1000000-0000-0000-0000-000000000003','a1000000-0000-0000-0000-000000000005','b1000000-0000-0000-0000-000000000005',1,'11:30','12:30'),
  ('c1000000-0000-0000-0000-000000000003','a1000000-0000-0000-0000-000000000006','b1000000-0000-0000-0000-000000000006',2,'07:00','08:30'),
  ('c1000000-0000-0000-0000-000000000003','a1000000-0000-0000-0000-000000000007','b1000000-0000-0000-0000-000000000007',2,'08:30','09:30'),
  ('c1000000-0000-0000-0000-000000000003','a1000000-0000-0000-0000-000000000008','b1000000-0000-0000-0000-000000000008',2,'09:30','10:30'),
  ('c1000000-0000-0000-0000-000000000003','a1000000-0000-0000-0000-000000000009','b1000000-0000-0000-0000-000000000009',2,'10:30','11:30'),
  ('c1000000-0000-0000-0000-000000000003','a1000000-0000-0000-0000-000000000010','b1000000-0000-0000-0000-000000000010',2,'11:30','12:30'),
  ('c1000000-0000-0000-0000-000000000003','a1000000-0000-0000-0000-000000000011','b1000000-0000-0000-0000-000000000011',3,'07:00','08:30'),
  ('c1000000-0000-0000-0000-000000000003','a1000000-0000-0000-0000-000000000012','b1000000-0000-0000-0000-000000000012',3,'08:30','09:30'),
  ('c1000000-0000-0000-0000-000000000003','a1000000-0000-0000-0000-000000000013','b1000000-0000-0000-0000-000000000013',3,'09:30','10:30'),
  ('c1000000-0000-0000-0000-000000000003','a1000000-0000-0000-0000-000000000014','b1000000-0000-0000-0000-000000000014',3,'10:30','11:30'),
  ('c1000000-0000-0000-0000-000000000003','a1000000-0000-0000-0000-000000000001','b1000000-0000-0000-0000-000000000001',3,'11:30','12:30'),
  ('c1000000-0000-0000-0000-000000000003','a1000000-0000-0000-0000-000000000002','b1000000-0000-0000-0000-000000000002',4,'07:00','08:30'),
  ('c1000000-0000-0000-0000-000000000003','a1000000-0000-0000-0000-000000000003','b1000000-0000-0000-0000-000000000003',4,'08:30','09:30'),
  ('c1000000-0000-0000-0000-000000000003','a1000000-0000-0000-0000-000000000004','b1000000-0000-0000-0000-000000000004',4,'09:30','10:30'),
  ('c1000000-0000-0000-0000-000000000003','a1000000-0000-0000-0000-000000000005','b1000000-0000-0000-0000-000000000005',4,'10:30','11:30'),
  ('c1000000-0000-0000-0000-000000000003','a1000000-0000-0000-0000-000000000006','b1000000-0000-0000-0000-000000000006',4,'11:30','12:30'),
  ('c1000000-0000-0000-0000-000000000003','a1000000-0000-0000-0000-000000000007','b1000000-0000-0000-0000-000000000007',5,'07:00','08:30'),
  ('c1000000-0000-0000-0000-000000000003','a1000000-0000-0000-0000-000000000008','b1000000-0000-0000-0000-000000000008',5,'08:30','09:30'),
  ('c1000000-0000-0000-0000-000000000003','a1000000-0000-0000-0000-000000000009','b1000000-0000-0000-0000-000000000009',5,'09:30','10:30'),
  ('c1000000-0000-0000-0000-000000000003','a1000000-0000-0000-0000-000000000010','b1000000-0000-0000-0000-000000000010',5,'10:30','11:30'),
  ('c1000000-0000-0000-0000-000000000003','a1000000-0000-0000-0000-000000000011','b1000000-0000-0000-0000-000000000011',5,'11:30','12:30');

-- X-D
INSERT INTO class_schedules (class_id, subject_id, teacher_id, day_of_week, start_time, end_time) VALUES
  ('c1000000-0000-0000-0000-000000000004','a1000000-0000-0000-0000-000000000001','b1000000-0000-0000-0000-000000000001',1,'07:00','08:30'),
  ('c1000000-0000-0000-0000-000000000004','a1000000-0000-0000-0000-000000000002','b1000000-0000-0000-0000-000000000002',1,'08:30','09:30'),
  ('c1000000-0000-0000-0000-000000000004','a1000000-0000-0000-0000-000000000003','b1000000-0000-0000-0000-000000000003',1,'09:30','10:30'),
  ('c1000000-0000-0000-0000-000000000004','a1000000-0000-0000-0000-000000000004','b1000000-0000-0000-0000-000000000004',1,'10:30','11:30'),
  ('c1000000-0000-0000-0000-000000000004','a1000000-0000-0000-0000-000000000005','b1000000-0000-0000-0000-000000000005',1,'11:30','12:30'),
  ('c1000000-0000-0000-0000-000000000004','a1000000-0000-0000-0000-000000000006','b1000000-0000-0000-0000-000000000006',2,'07:00','08:30'),
  ('c1000000-0000-0000-0000-000000000004','a1000000-0000-0000-0000-000000000007','b1000000-0000-0000-0000-000000000007',2,'08:30','09:30'),
  ('c1000000-0000-0000-0000-000000000004','a1000000-0000-0000-0000-000000000008','b1000000-0000-0000-0000-000000000008',2,'09:30','10:30'),
  ('c1000000-0000-0000-0000-000000000004','a1000000-0000-0000-0000-000000000009','b1000000-0000-0000-0000-000000000009',2,'10:30','11:30'),
  ('c1000000-0000-0000-0000-000000000004','a1000000-0000-0000-0000-000000000010','b1000000-0000-0000-0000-000000000010',2,'11:30','12:30'),
  ('c1000000-0000-0000-0000-000000000004','a1000000-0000-0000-0000-000000000011','b1000000-0000-0000-0000-000000000011',3,'07:00','08:30'),
  ('c1000000-0000-0000-0000-000000000004','a1000000-0000-0000-0000-000000000012','b1000000-0000-0000-0000-000000000012',3,'08:30','09:30'),
  ('c1000000-0000-0000-0000-000000000004','a1000000-0000-0000-0000-000000000013','b1000000-0000-0000-0000-000000000013',3,'09:30','10:30'),
  ('c1000000-0000-0000-0000-000000000004','a1000000-0000-0000-0000-000000000014','b1000000-0000-0000-0000-000000000014',3,'10:30','11:30'),
  ('c1000000-0000-0000-0000-000000000004','a1000000-0000-0000-0000-000000000001','b1000000-0000-0000-0000-000000000001',3,'11:30','12:30'),
  ('c1000000-0000-0000-0000-000000000004','a1000000-0000-0000-0000-000000000002','b1000000-0000-0000-0000-000000000002',4,'07:00','08:30'),
  ('c1000000-0000-0000-0000-000000000004','a1000000-0000-0000-0000-000000000003','b1000000-0000-0000-0000-000000000003',4,'08:30','09:30'),
  ('c1000000-0000-0000-0000-000000000004','a1000000-0000-0000-0000-000000000004','b1000000-0000-0000-0000-000000000004',4,'09:30','10:30'),
  ('c1000000-0000-0000-0000-000000000004','a1000000-0000-0000-0000-000000000005','b1000000-0000-0000-0000-000000000005',4,'10:30','11:30'),
  ('c1000000-0000-0000-0000-000000000004','a1000000-0000-0000-0000-000000000006','b1000000-0000-0000-0000-000000000006',4,'11:30','12:30'),
  ('c1000000-0000-0000-0000-000000000004','a1000000-0000-0000-0000-000000000007','b1000000-0000-0000-0000-000000000007',5,'07:00','08:30'),
  ('c1000000-0000-0000-0000-000000000004','a1000000-0000-0000-0000-000000000008','b1000000-0000-0000-0000-000000000008',5,'08:30','09:30'),
  ('c1000000-0000-0000-0000-000000000004','a1000000-0000-0000-0000-000000000009','b1000000-0000-0000-0000-000000000009',5,'09:30','10:30'),
  ('c1000000-0000-0000-0000-000000000004','a1000000-0000-0000-0000-000000000010','b1000000-0000-0000-0000-000000000010',5,'10:30','11:30'),
  ('c1000000-0000-0000-0000-000000000004','a1000000-0000-0000-0000-000000000011','b1000000-0000-0000-0000-000000000011',5,'11:30','12:30');

-- XI-A (guru backup untuk Mtk=015, BIng=016, IPS=020, Fis=017, Kim=018, Bio=019)
INSERT INTO class_schedules (class_id, subject_id, teacher_id, day_of_week, start_time, end_time) VALUES
  ('c1000000-0000-0000-0000-000000000005','a1000000-0000-0000-0000-000000000001','b1000000-0000-0000-0000-000000000001',1,'07:00','08:30'),
  ('c1000000-0000-0000-0000-000000000005','a1000000-0000-0000-0000-000000000002','b1000000-0000-0000-0000-000000000002',1,'08:30','09:30'),
  ('c1000000-0000-0000-0000-000000000005','a1000000-0000-0000-0000-000000000003','b1000000-0000-0000-0000-000000000003',1,'09:30','10:30'),
  ('c1000000-0000-0000-0000-000000000005','a1000000-0000-0000-0000-000000000004','b1000000-0000-0000-0000-000000000004',1,'10:30','11:30'),
  ('c1000000-0000-0000-0000-000000000005','a1000000-0000-0000-0000-000000000005','b1000000-0000-0000-0000-000000000005',1,'11:30','12:30'),
  ('c1000000-0000-0000-0000-000000000005','a1000000-0000-0000-0000-000000000006','b1000000-0000-0000-0000-000000000006',2,'07:00','08:30'),
  ('c1000000-0000-0000-0000-000000000005','a1000000-0000-0000-0000-000000000007','b1000000-0000-0000-0000-000000000007',2,'08:30','09:30'),
  ('c1000000-0000-0000-0000-000000000005','a1000000-0000-0000-0000-000000000008','b1000000-0000-0000-0000-000000000008',2,'09:30','10:30'),
  ('c1000000-0000-0000-0000-000000000005','a1000000-0000-0000-0000-000000000009','b1000000-0000-0000-0000-000000000009',2,'10:30','11:30'),
  ('c1000000-0000-0000-0000-000000000005','a1000000-0000-0000-0000-000000000010','b1000000-0000-0000-0000-000000000010',2,'11:30','12:30'),
  ('c1000000-0000-0000-0000-000000000005','a1000000-0000-0000-0000-000000000011','b1000000-0000-0000-0000-000000000011',3,'07:00','08:30'),
  ('c1000000-0000-0000-0000-000000000005','a1000000-0000-0000-0000-000000000012','b1000000-0000-0000-0000-000000000012',3,'08:30','09:30'),
  ('c1000000-0000-0000-0000-000000000005','a1000000-0000-0000-0000-000000000013','b1000000-0000-0000-0000-000000000013',3,'09:30','10:30'),
  ('c1000000-0000-0000-0000-000000000005','a1000000-0000-0000-0000-000000000014','b1000000-0000-0000-0000-000000000014',3,'10:30','11:30'),
  ('c1000000-0000-0000-0000-000000000005','a1000000-0000-0000-0000-000000000001','b1000000-0000-0000-0000-000000000001',3,'11:30','12:30'),
  ('c1000000-0000-0000-0000-000000000005','a1000000-0000-0000-0000-000000000002','b1000000-0000-0000-0000-000000000002',4,'07:00','08:30'),
  ('c1000000-0000-0000-0000-000000000005','a1000000-0000-0000-0000-000000000003','b1000000-0000-0000-0000-000000000003',4,'08:30','09:30'),
  ('c1000000-0000-0000-0000-000000000005','a1000000-0000-0000-0000-000000000004','b1000000-0000-0000-0000-000000000004',4,'09:30','10:30'),
  ('c1000000-0000-0000-0000-000000000005','a1000000-0000-0000-0000-000000000005','b1000000-0000-0000-0000-000000000005',4,'10:30','11:30'),
  ('c1000000-0000-0000-0000-000000000005','a1000000-0000-0000-0000-000000000006','b1000000-0000-0000-0000-000000000006',4,'11:30','12:30'),
  ('c1000000-0000-0000-0000-000000000005','a1000000-0000-0000-0000-000000000007','b1000000-0000-0000-0000-000000000007',5,'07:00','08:30'),
  ('c1000000-0000-0000-0000-000000000005','a1000000-0000-0000-0000-000000000008','b1000000-0000-0000-0000-000000000008',5,'08:30','09:30'),
  ('c1000000-0000-0000-0000-000000000005','a1000000-0000-0000-0000-000000000009','b1000000-0000-0000-0000-000000000009',5,'09:30','10:30'),
  ('c1000000-0000-0000-0000-000000000005','a1000000-0000-0000-0000-000000000010','b1000000-0000-0000-0000-000000000010',5,'10:30','11:30'),
  ('c1000000-0000-0000-0000-000000000005','a1000000-0000-0000-0000-000000000011','b1000000-0000-0000-0000-000000000011',5,'11:30','12:30');

-- XI-B ~ XII-D: pola identik, hanya class_id berbeda
-- XI-B
INSERT INTO class_schedules (class_id, subject_id, teacher_id, day_of_week, start_time, end_time) VALUES
  ('c1000000-0000-0000-0000-000000000006','a1000000-0000-0000-0000-000000000001','b1000000-0000-0000-0000-000000000001',1,'07:00','08:30'),
  ('c1000000-0000-0000-0000-000000000006','a1000000-0000-0000-0000-000000000002','b1000000-0000-0000-0000-000000000002',1,'08:30','09:30'),
  ('c1000000-0000-0000-0000-000000000006','a1000000-0000-0000-0000-000000000003','b1000000-0000-0000-0000-000000000003',1,'09:30','10:30'),
  ('c1000000-0000-0000-0000-000000000006','a1000000-0000-0000-0000-000000000004','b1000000-0000-0000-0000-000000000004',1,'10:30','11:30'),
  ('c1000000-0000-0000-0000-000000000006','a1000000-0000-0000-0000-000000000005','b1000000-0000-0000-0000-000000000005',1,'11:30','12:30'),
  ('c1000000-0000-0000-0000-000000000006','a1000000-0000-0000-0000-000000000006','b1000000-0000-0000-0000-000000000006',2,'07:00','08:30'),
  ('c1000000-0000-0000-0000-000000000006','a1000000-0000-0000-0000-000000000007','b1000000-0000-0000-0000-000000000007',2,'08:30','09:30'),
  ('c1000000-0000-0000-0000-000000000006','a1000000-0000-0000-0000-000000000008','b1000000-0000-0000-0000-000000000008',2,'09:30','10:30'),
  ('c1000000-0000-0000-0000-000000000006','a1000000-0000-0000-0000-000000000009','b1000000-0000-0000-0000-000000000009',2,'10:30','11:30'),
  ('c1000000-0000-0000-0000-000000000006','a1000000-0000-0000-0000-000000000010','b1000000-0000-0000-0000-000000000010',2,'11:30','12:30'),
  ('c1000000-0000-0000-0000-000000000006','a1000000-0000-0000-0000-000000000011','b1000000-0000-0000-0000-000000000011',3,'07:00','08:30'),
  ('c1000000-0000-0000-0000-000000000006','a1000000-0000-0000-0000-000000000012','b1000000-0000-0000-0000-000000000012',3,'08:30','09:30'),
  ('c1000000-0000-0000-0000-000000000006','a1000000-0000-0000-0000-000000000013','b1000000-0000-0000-0000-000000000013',3,'09:30','10:30'),
  ('c1000000-0000-0000-0000-000000000006','a1000000-0000-0000-0000-000000000014','b1000000-0000-0000-0000-000000000014',3,'10:30','11:30'),
  ('c1000000-0000-0000-0000-000000000006','a1000000-0000-0000-0000-000000000001','b1000000-0000-0000-0000-000000000001',3,'11:30','12:30'),
  ('c1000000-0000-0000-0000-000000000006','a1000000-0000-0000-0000-000000000002','b1000000-0000-0000-0000-000000000002',4,'07:00','08:30'),
  ('c1000000-0000-0000-0000-000000000006','a1000000-0000-0000-0000-000000000003','b1000000-0000-0000-0000-000000000003',4,'08:30','09:30'),
  ('c1000000-0000-0000-0000-000000000006','a1000000-0000-0000-0000-000000000004','b1000000-0000-0000-0000-000000000004',4,'09:30','10:30'),
  ('c1000000-0000-0000-0000-000000000006','a1000000-0000-0000-0000-000000000005','b1000000-0000-0000-0000-000000000005',4,'10:30','11:30'),
  ('c1000000-0000-0000-0000-000000000006','a1000000-0000-0000-0000-000000000006','b1000000-0000-0000-0000-000000000006',4,'11:30','12:30'),
  ('c1000000-0000-0000-0000-000000000006','a1000000-0000-0000-0000-000000000007','b1000000-0000-0000-0000-000000000007',5,'07:00','08:30'),
  ('c1000000-0000-0000-0000-000000000006','a1000000-0000-0000-0000-000000000008','b1000000-0000-0000-0000-000000000008',5,'08:30','09:30'),
  ('c1000000-0000-0000-0000-000000000006','a1000000-0000-0000-0000-000000000009','b1000000-0000-0000-0000-000000000009',5,'09:30','10:30'),
  ('c1000000-0000-0000-0000-000000000006','a1000000-0000-0000-0000-000000000010','b1000000-0000-0000-0000-000000000010',5,'10:30','11:30'),
  ('c1000000-0000-0000-0000-000000000006','a1000000-0000-0000-0000-000000000011','b1000000-0000-0000-0000-000000000011',5,'11:30','12:30');

-- XI-C (guru backup: Mtk=015, BIng=016, IPS=020, Fis=017, Kim=018, Bio=019)
INSERT INTO class_schedules (class_id, subject_id, teacher_id, day_of_week, start_time, end_time) VALUES
  ('c1000000-0000-0000-0000-000000000007','a1000000-0000-0000-0000-000000000001','b1000000-0000-0000-0000-000000000015',1,'07:00','08:30'),
  ('c1000000-0000-0000-0000-000000000007','a1000000-0000-0000-0000-000000000002','b1000000-0000-0000-0000-000000000002',1,'08:30','09:30'),
  ('c1000000-0000-0000-0000-000000000007','a1000000-0000-0000-0000-000000000003','b1000000-0000-0000-0000-000000000016',1,'09:30','10:30'),
  ('c1000000-0000-0000-0000-000000000007','a1000000-0000-0000-0000-000000000004','b1000000-0000-0000-0000-000000000004',1,'10:30','11:30'),
  ('c1000000-0000-0000-0000-000000000007','a1000000-0000-0000-0000-000000000005','b1000000-0000-0000-0000-000000000020',1,'11:30','12:30'),
  ('c1000000-0000-0000-0000-000000000007','a1000000-0000-0000-0000-000000000006','b1000000-0000-0000-0000-000000000017',2,'07:00','08:30'),
  ('c1000000-0000-0000-0000-000000000007','a1000000-0000-0000-0000-000000000007','b1000000-0000-0000-0000-000000000018',2,'08:30','09:30'),
  ('c1000000-0000-0000-0000-000000000007','a1000000-0000-0000-0000-000000000008','b1000000-0000-0000-0000-000000000019',2,'09:30','10:30'),
  ('c1000000-0000-0000-0000-000000000007','a1000000-0000-0000-0000-000000000009','b1000000-0000-0000-0000-000000000009',2,'10:30','11:30'),
  ('c1000000-0000-0000-0000-000000000007','a1000000-0000-0000-0000-000000000010','b1000000-0000-0000-0000-000000000010',2,'11:30','12:30'),
  ('c1000000-0000-0000-0000-000000000007','a1000000-0000-0000-0000-000000000011','b1000000-0000-0000-0000-000000000011',3,'07:00','08:30'),
  ('c1000000-0000-0000-0000-000000000007','a1000000-0000-0000-0000-000000000012','b1000000-0000-0000-0000-000000000012',3,'08:30','09:30'),
  ('c1000000-0000-0000-0000-000000000007','a1000000-0000-0000-0000-000000000013','b1000000-0000-0000-0000-000000000013',3,'09:30','10:30'),
  ('c1000000-0000-0000-0000-000000000007','a1000000-0000-0000-0000-000000000014','b1000000-0000-0000-0000-000000000014',3,'10:30','11:30'),
  ('c1000000-0000-0000-0000-000000000007','a1000000-0000-0000-0000-000000000001','b1000000-0000-0000-0000-000000000015',3,'11:30','12:30'),
  ('c1000000-0000-0000-0000-000000000007','a1000000-0000-0000-0000-000000000002','b1000000-0000-0000-0000-000000000002',4,'07:00','08:30'),
  ('c1000000-0000-0000-0000-000000000007','a1000000-0000-0000-0000-000000000003','b1000000-0000-0000-0000-000000000016',4,'08:30','09:30'),
  ('c1000000-0000-0000-0000-000000000007','a1000000-0000-0000-0000-000000000004','b1000000-0000-0000-0000-000000000004',4,'09:30','10:30'),
  ('c1000000-0000-0000-0000-000000000007','a1000000-0000-0000-0000-000000000005','b1000000-0000-0000-0000-000000000020',4,'10:30','11:30'),
  ('c1000000-0000-0000-0000-000000000007','a1000000-0000-0000-0000-000000000006','b1000000-0000-0000-0000-000000000017',4,'11:30','12:30'),
  ('c1000000-0000-0000-0000-000000000007','a1000000-0000-0000-0000-000000000007','b1000000-0000-0000-0000-000000000018',5,'07:00','08:30'),
  ('c1000000-0000-0000-0000-000000000007','a1000000-0000-0000-0000-000000000008','b1000000-0000-0000-0000-000000000019',5,'08:30','09:30'),
  ('c1000000-0000-0000-0000-000000000007','a1000000-0000-0000-0000-000000000009','b1000000-0000-0000-0000-000000000009',5,'09:30','10:30'),
  ('c1000000-0000-0000-0000-000000000007','a1000000-0000-0000-0000-000000000010','b1000000-0000-0000-0000-000000000010',5,'10:30','11:30'),
  ('c1000000-0000-0000-0000-000000000007','a1000000-0000-0000-0000-000000000011','b1000000-0000-0000-0000-000000000011',5,'11:30','12:30');

-- XI-D, XII-A, XII-B, XII-C, XII-D: pola sama dgn XI-C (backup teachers)
-- XI-D
INSERT INTO class_schedules (class_id, subject_id, teacher_id, day_of_week, start_time, end_time) VALUES
  ('c1000000-0000-0000-0000-000000000008','a1000000-0000-0000-0000-000000000001','b1000000-0000-0000-0000-000000000015',1,'07:00','08:30'),
  ('c1000000-0000-0000-0000-000000000008','a1000000-0000-0000-0000-000000000002','b1000000-0000-0000-0000-000000000002',1,'08:30','09:30'),
  ('c1000000-0000-0000-0000-000000000008','a1000000-0000-0000-0000-000000000003','b1000000-0000-0000-0000-000000000016',1,'09:30','10:30'),
  ('c1000000-0000-0000-0000-000000000008','a1000000-0000-0000-0000-000000000004','b1000000-0000-0000-0000-000000000004',1,'10:30','11:30'),
  ('c1000000-0000-0000-0000-000000000008','a1000000-0000-0000-0000-000000000005','b1000000-0000-0000-0000-000000000020',1,'11:30','12:30'),
  ('c1000000-0000-0000-0000-000000000008','a1000000-0000-0000-0000-000000000006','b1000000-0000-0000-0000-000000000017',2,'07:00','08:30'),
  ('c1000000-0000-0000-0000-000000000008','a1000000-0000-0000-0000-000000000007','b1000000-0000-0000-0000-000000000018',2,'08:30','09:30'),
  ('c1000000-0000-0000-0000-000000000008','a1000000-0000-0000-0000-000000000008','b1000000-0000-0000-0000-000000000019',2,'09:30','10:30'),
  ('c1000000-0000-0000-0000-000000000008','a1000000-0000-0000-0000-000000000009','b1000000-0000-0000-0000-000000000009',2,'10:30','11:30'),
  ('c1000000-0000-0000-0000-000000000008','a1000000-0000-0000-0000-000000000010','b1000000-0000-0000-0000-000000000010',2,'11:30','12:30'),
  ('c1000000-0000-0000-0000-000000000008','a1000000-0000-0000-0000-000000000011','b1000000-0000-0000-0000-000000000011',3,'07:00','08:30'),
  ('c1000000-0000-0000-0000-000000000008','a1000000-0000-0000-0000-000000000012','b1000000-0000-0000-0000-000000000012',3,'08:30','09:30'),
  ('c1000000-0000-0000-0000-000000000008','a1000000-0000-0000-0000-000000000013','b1000000-0000-0000-0000-000000000013',3,'09:30','10:30'),
  ('c1000000-0000-0000-0000-000000000008','a1000000-0000-0000-0000-000000000014','b1000000-0000-0000-0000-000000000014',3,'10:30','11:30'),
  ('c1000000-0000-0000-0000-000000000008','a1000000-0000-0000-0000-000000000001','b1000000-0000-0000-0000-000000000015',3,'11:30','12:30'),
  ('c1000000-0000-0000-0000-000000000008','a1000000-0000-0000-0000-000000000002','b1000000-0000-0000-0000-000000000002',4,'07:00','08:30'),
  ('c1000000-0000-0000-0000-000000000008','a1000000-0000-0000-0000-000000000003','b1000000-0000-0000-0000-000000000016',4,'08:30','09:30'),
  ('c1000000-0000-0000-0000-000000000008','a1000000-0000-0000-0000-000000000004','b1000000-0000-0000-0000-000000000004',4,'09:30','10:30'),
  ('c1000000-0000-0000-0000-000000000008','a1000000-0000-0000-0000-000000000005','b1000000-0000-0000-0000-000000000020',4,'10:30','11:30'),
  ('c1000000-0000-0000-0000-000000000008','a1000000-0000-0000-0000-000000000006','b1000000-0000-0000-0000-000000000017',4,'11:30','12:30'),
  ('c1000000-0000-0000-0000-000000000008','a1000000-0000-0000-0000-000000000007','b1000000-0000-0000-0000-000000000018',5,'07:00','08:30'),
  ('c1000000-0000-0000-0000-000000000008','a1000000-0000-0000-0000-000000000008','b1000000-0000-0000-0000-000000000019',5,'08:30','09:30'),
  ('c1000000-0000-0000-0000-000000000008','a1000000-0000-0000-0000-000000000009','b1000000-0000-0000-0000-000000000009',5,'09:30','10:30'),
  ('c1000000-0000-0000-0000-000000000008','a1000000-0000-0000-0000-000000000010','b1000000-0000-0000-0000-000000000010',5,'10:30','11:30'),
  ('c1000000-0000-0000-0000-000000000008','a1000000-0000-0000-0000-000000000011','b1000000-0000-0000-0000-000000000011',5,'11:30','12:30');

-- XII-A
INSERT INTO class_schedules (class_id, subject_id, teacher_id, day_of_week, start_time, end_time) VALUES
  ('c1000000-0000-0000-0000-000000000009','a1000000-0000-0000-0000-000000000001','b1000000-0000-0000-0000-000000000015',1,'07:00','08:30'),
  ('c1000000-0000-0000-0000-000000000009','a1000000-0000-0000-0000-000000000002','b1000000-0000-0000-0000-000000000002',1,'08:30','09:30'),
  ('c1000000-0000-0000-0000-000000000009','a1000000-0000-0000-0000-000000000003','b1000000-0000-0000-0000-000000000016',1,'09:30','10:30'),
  ('c1000000-0000-0000-0000-000000000009','a1000000-0000-0000-0000-000000000004','b1000000-0000-0000-0000-000000000004',1,'10:30','11:30'),
  ('c1000000-0000-0000-0000-000000000009','a1000000-0000-0000-0000-000000000005','b1000000-0000-0000-0000-000000000020',1,'11:30','12:30'),
  ('c1000000-0000-0000-0000-000000000009','a1000000-0000-0000-0000-000000000006','b1000000-0000-0000-0000-000000000017',2,'07:00','08:30'),
  ('c1000000-0000-0000-0000-000000000009','a1000000-0000-0000-0000-000000000007','b1000000-0000-0000-0000-000000000018',2,'08:30','09:30'),
  ('c1000000-0000-0000-0000-000000000009','a1000000-0000-0000-0000-000000000008','b1000000-0000-0000-0000-000000000019',2,'09:30','10:30'),
  ('c1000000-0000-0000-0000-000000000009','a1000000-0000-0000-0000-000000000009','b1000000-0000-0000-0000-000000000009',2,'10:30','11:30'),
  ('c1000000-0000-0000-0000-000000000009','a1000000-0000-0000-0000-000000000010','b1000000-0000-0000-0000-000000000010',2,'11:30','12:30'),
  ('c1000000-0000-0000-0000-000000000009','a1000000-0000-0000-0000-000000000011','b1000000-0000-0000-0000-000000000011',3,'07:00','08:30'),
  ('c1000000-0000-0000-0000-000000000009','a1000000-0000-0000-0000-000000000012','b1000000-0000-0000-0000-000000000012',3,'08:30','09:30'),
  ('c1000000-0000-0000-0000-000000000009','a1000000-0000-0000-0000-000000000013','b1000000-0000-0000-0000-000000000013',3,'09:30','10:30'),
  ('c1000000-0000-0000-0000-000000000009','a1000000-0000-0000-0000-000000000014','b1000000-0000-0000-0000-000000000014',3,'10:30','11:30'),
  ('c1000000-0000-0000-0000-000000000009','a1000000-0000-0000-0000-000000000001','b1000000-0000-0000-0000-000000000015',3,'11:30','12:30'),
  ('c1000000-0000-0000-0000-000000000009','a1000000-0000-0000-0000-000000000002','b1000000-0000-0000-0000-000000000002',4,'07:00','08:30'),
  ('c1000000-0000-0000-0000-000000000009','a1000000-0000-0000-0000-000000000003','b1000000-0000-0000-0000-000000000016',4,'08:30','09:30'),
  ('c1000000-0000-0000-0000-000000000009','a1000000-0000-0000-0000-000000000004','b1000000-0000-0000-0000-000000000004',4,'09:30','10:30'),
  ('c1000000-0000-0000-0000-000000000009','a1000000-0000-0000-0000-000000000005','b1000000-0000-0000-0000-000000000020',4,'10:30','11:30'),
  ('c1000000-0000-0000-0000-000000000009','a1000000-0000-0000-0000-000000000006','b1000000-0000-0000-0000-000000000017',4,'11:30','12:30'),
  ('c1000000-0000-0000-0000-000000000009','a1000000-0000-0000-0000-000000000007','b1000000-0000-0000-0000-000000000018',5,'07:00','08:30'),
  ('c1000000-0000-0000-0000-000000000009','a1000000-0000-0000-0000-000000000008','b1000000-0000-0000-0000-000000000019',5,'08:30','09:30'),
  ('c1000000-0000-0000-0000-000000000009','a1000000-0000-0000-0000-000000000009','b1000000-0000-0000-0000-000000000009',5,'09:30','10:30'),
  ('c1000000-0000-0000-0000-000000000009','a1000000-0000-0000-0000-000000000010','b1000000-0000-0000-0000-000000000010',5,'10:30','11:30'),
  ('c1000000-0000-0000-0000-000000000009','a1000000-0000-0000-0000-000000000011','b1000000-0000-0000-0000-000000000011',5,'11:30','12:30');

-- XII-B
INSERT INTO class_schedules (class_id, subject_id, teacher_id, day_of_week, start_time, end_time) VALUES
  ('c1000000-0000-0000-0000-000000000010','a1000000-0000-0000-0000-000000000001','b1000000-0000-0000-0000-000000000015',1,'07:00','08:30'),
  ('c1000000-0000-0000-0000-000000000010','a1000000-0000-0000-0000-000000000002','b1000000-0000-0000-0000-000000000002',1,'08:30','09:30'),
  ('c1000000-0000-0000-0000-000000000010','a1000000-0000-0000-0000-000000000003','b1000000-0000-0000-0000-000000000016',1,'09:30','10:30'),
  ('c1000000-0000-0000-0000-000000000010','a1000000-0000-0000-0000-000000000004','b1000000-0000-0000-0000-000000000004',1,'10:30','11:30'),
  ('c1000000-0000-0000-0000-000000000010','a1000000-0000-0000-0000-000000000005','b1000000-0000-0000-0000-000000000020',1,'11:30','12:30'),
  ('c1000000-0000-0000-0000-000000000010','a1000000-0000-0000-0000-000000000006','b1000000-0000-0000-0000-000000000017',2,'07:00','08:30'),
  ('c1000000-0000-0000-0000-000000000010','a1000000-0000-0000-0000-000000000007','b1000000-0000-0000-0000-000000000018',2,'08:30','09:30'),
  ('c1000000-0000-0000-0000-000000000010','a1000000-0000-0000-0000-000000000008','b1000000-0000-0000-0000-000000000019',2,'09:30','10:30'),
  ('c1000000-0000-0000-0000-000000000010','a1000000-0000-0000-0000-000000000009','b1000000-0000-0000-0000-000000000009',2,'10:30','11:30'),
  ('c1000000-0000-0000-0000-000000000010','a1000000-0000-0000-0000-000000000010','b1000000-0000-0000-0000-000000000010',2,'11:30','12:30'),
  ('c1000000-0000-0000-0000-000000000010','a1000000-0000-0000-0000-000000000011','b1000000-0000-0000-0000-000000000011',3,'07:00','08:30'),
  ('c1000000-0000-0000-0000-000000000010','a1000000-0000-0000-0000-000000000012','b1000000-0000-0000-0000-000000000012',3,'08:30','09:30'),
  ('c1000000-0000-0000-0000-000000000010','a1000000-0000-0000-0000-000000000013','b1000000-0000-0000-0000-000000000013',3,'09:30','10:30'),
  ('c1000000-0000-0000-0000-000000000010','a1000000-0000-0000-0000-000000000014','b1000000-0000-0000-0000-000000000014',3,'10:30','11:30'),
  ('c1000000-0000-0000-0000-000000000010','a1000000-0000-0000-0000-000000000001','b1000000-0000-0000-0000-000000000015',3,'11:30','12:30'),
  ('c1000000-0000-0000-0000-000000000010','a1000000-0000-0000-0000-000000000002','b1000000-0000-0000-0000-000000000002',4,'07:00','08:30'),
  ('c1000000-0000-0000-0000-000000000010','a1000000-0000-0000-0000-000000000003','b1000000-0000-0000-0000-000000000016',4,'08:30','09:30'),
  ('c1000000-0000-0000-0000-000000000010','a1000000-0000-0000-0000-000000000004','b1000000-0000-0000-0000-000000000004',4,'09:30','10:30'),
  ('c1000000-0000-0000-0000-000000000010','a1000000-0000-0000-0000-000000000005','b1000000-0000-0000-0000-000000000020',4,'10:30','11:30'),
  ('c1000000-0000-0000-0000-000000000010','a1000000-0000-0000-0000-000000000006','b1000000-0000-0000-0000-000000000017',4,'11:30','12:30'),
  ('c1000000-0000-0000-0000-000000000010','a1000000-0000-0000-0000-000000000007','b1000000-0000-0000-0000-000000000018',5,'07:00','08:30'),
  ('c1000000-0000-0000-0000-000000000010','a1000000-0000-0000-0000-000000000008','b1000000-0000-0000-0000-000000000019',5,'08:30','09:30'),
  ('c1000000-0000-0000-0000-000000000010','a1000000-0000-0000-0000-000000000009','b1000000-0000-0000-0000-000000000009',5,'09:30','10:30'),
  ('c1000000-0000-0000-0000-000000000010','a1000000-0000-0000-0000-000000000010','b1000000-0000-0000-0000-000000000010',5,'10:30','11:30'),
  ('c1000000-0000-0000-0000-000000000010','a1000000-0000-0000-0000-000000000011','b1000000-0000-0000-0000-000000000011',5,'11:30','12:30');

-- XII-C
INSERT INTO class_schedules (class_id, subject_id, teacher_id, day_of_week, start_time, end_time) VALUES
  ('c1000000-0000-0000-0000-000000000011','a1000000-0000-0000-0000-000000000001','b1000000-0000-0000-0000-000000000015',1,'07:00','08:30'),
  ('c1000000-0000-0000-0000-000000000011','a1000000-0000-0000-0000-000000000002','b1000000-0000-0000-0000-000000000002',1,'08:30','09:30'),
  ('c1000000-0000-0000-0000-000000000011','a1000000-0000-0000-0000-000000000003','b1000000-0000-0000-0000-000000000016',1,'09:30','10:30'),
  ('c1000000-0000-0000-0000-000000000011','a1000000-0000-0000-0000-000000000004','b1000000-0000-0000-0000-000000000004',1,'10:30','11:30'),
  ('c1000000-0000-0000-0000-000000000011','a1000000-0000-0000-0000-000000000005','b1000000-0000-0000-0000-000000000020',1,'11:30','12:30'),
  ('c1000000-0000-0000-0000-000000000011','a1000000-0000-0000-0000-000000000006','b1000000-0000-0000-0000-000000000017',2,'07:00','08:30'),
  ('c1000000-0000-0000-0000-000000000011','a1000000-0000-0000-0000-000000000007','b1000000-0000-0000-0000-000000000018',2,'08:30','09:30'),
  ('c1000000-0000-0000-0000-000000000011','a1000000-0000-0000-0000-000000000008','b1000000-0000-0000-0000-000000000019',2,'09:30','10:30'),
  ('c1000000-0000-0000-0000-000000000011','a1000000-0000-0000-0000-000000000009','b1000000-0000-0000-0000-000000000009',2,'10:30','11:30'),
  ('c1000000-0000-0000-0000-000000000011','a1000000-0000-0000-0000-000000000010','b1000000-0000-0000-0000-000000000010',2,'11:30','12:30'),
  ('c1000000-0000-0000-0000-000000000011','a1000000-0000-0000-0000-000000000011','b1000000-0000-0000-0000-000000000011',3,'07:00','08:30'),
  ('c1000000-0000-0000-0000-000000000011','a1000000-0000-0000-0000-000000000012','b1000000-0000-0000-0000-000000000012',3,'08:30','09:30'),
  ('c1000000-0000-0000-0000-000000000011','a1000000-0000-0000-0000-000000000013','b1000000-0000-0000-0000-000000000013',3,'09:30','10:30'),
  ('c1000000-0000-0000-0000-000000000011','a1000000-0000-0000-0000-000000000014','b1000000-0000-0000-0000-000000000014',3,'10:30','11:30'),
  ('c1000000-0000-0000-0000-000000000011','a1000000-0000-0000-0000-000000000001','b1000000-0000-0000-0000-000000000015',3,'11:30','12:30'),
  ('c1000000-0000-0000-0000-000000000011','a1000000-0000-0000-0000-000000000002','b1000000-0000-0000-0000-000000000002',4,'07:00','08:30'),
  ('c1000000-0000-0000-0000-000000000011','a1000000-0000-0000-0000-000000000003','b1000000-0000-0000-0000-000000000016',4,'08:30','09:30'),
  ('c1000000-0000-0000-0000-000000000011','a1000000-0000-0000-0000-000000000004','b1000000-0000-0000-0000-000000000004',4,'09:30','10:30'),
  ('c1000000-0000-0000-0000-000000000011','a1000000-0000-0000-0000-000000000005','b1000000-0000-0000-0000-000000000020',4,'10:30','11:30'),
  ('c1000000-0000-0000-0000-000000000011','a1000000-0000-0000-0000-000000000006','b1000000-0000-0000-0000-000000000017',4,'11:30','12:30'),
  ('c1000000-0000-0000-0000-000000000011','a1000000-0000-0000-0000-000000000007','b1000000-0000-0000-0000-000000000018',5,'07:00','08:30'),
  ('c1000000-0000-0000-0000-000000000011','a1000000-0000-0000-0000-000000000008','b1000000-0000-0000-0000-000000000019',5,'08:30','09:30'),
  ('c1000000-0000-0000-0000-000000000011','a1000000-0000-0000-0000-000000000009','b1000000-0000-0000-0000-000000000009',5,'09:30','10:30'),
  ('c1000000-0000-0000-0000-000000000011','a1000000-0000-0000-0000-000000000010','b1000000-0000-0000-0000-000000000010',5,'10:30','11:30'),
  ('c1000000-0000-0000-0000-000000000011','a1000000-0000-0000-0000-000000000011','b1000000-0000-0000-0000-000000000011',5,'11:30','12:30');

-- XII-D
INSERT INTO class_schedules (class_id, subject_id, teacher_id, day_of_week, start_time, end_time) VALUES
  ('c1000000-0000-0000-0000-000000000012','a1000000-0000-0000-0000-000000000001','b1000000-0000-0000-0000-000000000015',1,'07:00','08:30'),
  ('c1000000-0000-0000-0000-000000000012','a1000000-0000-0000-0000-000000000002','b1000000-0000-0000-0000-000000000002',1,'08:30','09:30'),
  ('c1000000-0000-0000-0000-000000000012','a1000000-0000-0000-0000-000000000003','b1000000-0000-0000-0000-000000000016',1,'09:30','10:30'),
  ('c1000000-0000-0000-0000-000000000012','a1000000-0000-0000-0000-000000000004','b1000000-0000-0000-0000-000000000004',1,'10:30','11:30'),
  ('c1000000-0000-0000-0000-000000000012','a1000000-0000-0000-0000-000000000005','b1000000-0000-0000-0000-000000000020',1,'11:30','12:30'),
  ('c1000000-0000-0000-0000-000000000012','a1000000-0000-0000-0000-000000000006','b1000000-0000-0000-0000-000000000017',2,'07:00','08:30'),
  ('c1000000-0000-0000-0000-000000000012','a1000000-0000-0000-0000-000000000007','b1000000-0000-0000-0000-000000000018',2,'08:30','09:30'),
  ('c1000000-0000-0000-0000-000000000012','a1000000-0000-0000-0000-000000000008','b1000000-0000-0000-0000-000000000019',2,'09:30','10:30'),
  ('c1000000-0000-0000-0000-000000000012','a1000000-0000-0000-0000-000000000009','b1000000-0000-0000-0000-000000000009',2,'10:30','11:30'),
  ('c1000000-0000-0000-0000-000000000012','a1000000-0000-0000-0000-000000000010','b1000000-0000-0000-0000-000000000010',2,'11:30','12:30'),
  ('c1000000-0000-0000-0000-000000000012','a1000000-0000-0000-0000-000000000011','b1000000-0000-0000-0000-000000000011',3,'07:00','08:30'),
  ('c1000000-0000-0000-0000-000000000012','a1000000-0000-0000-0000-000000000012','b1000000-0000-0000-0000-000000000012',3,'08:30','09:30'),
  ('c1000000-0000-0000-0000-000000000012','a1000000-0000-0000-0000-000000000013','b1000000-0000-0000-0000-000000000013',3,'09:30','10:30'),
  ('c1000000-0000-0000-0000-000000000012','a1000000-0000-0000-0000-000000000014','b1000000-0000-0000-0000-000000000014',3,'10:30','11:30'),
  ('c1000000-0000-0000-0000-000000000012','a1000000-0000-0000-0000-000000000001','b1000000-0000-0000-0000-000000000015',3,'11:30','12:30'),
  ('c1000000-0000-0000-0000-000000000012','a1000000-0000-0000-0000-000000000002','b1000000-0000-0000-0000-000000000002',4,'07:00','08:30'),
  ('c1000000-0000-0000-0000-000000000012','a1000000-0000-0000-0000-000000000003','b1000000-0000-0000-0000-000000000016',4,'08:30','09:30'),
  ('c1000000-0000-0000-0000-000000000012','a1000000-0000-0000-0000-000000000004','b1000000-0000-0000-0000-000000000004',4,'09:30','10:30'),
  ('c1000000-0000-0000-0000-000000000012','a1000000-0000-0000-0000-000000000005','b1000000-0000-0000-0000-000000000020',4,'10:30','11:30'),
  ('c1000000-0000-0000-0000-000000000012','a1000000-0000-0000-0000-000000000006','b1000000-0000-0000-0000-000000000017',4,'11:30','12:30'),
  ('c1000000-0000-0000-0000-000000000012','a1000000-0000-0000-0000-000000000007','b1000000-0000-0000-0000-000000000018',5,'07:00','08:30'),
  ('c1000000-0000-0000-0000-000000000012','a1000000-0000-0000-0000-000000000008','b1000000-0000-0000-0000-000000000019',5,'08:30','09:30'),
  ('c1000000-0000-0000-0000-000000000012','a1000000-0000-0000-0000-000000000009','b1000000-0000-0000-0000-000000000009',5,'09:30','10:30'),
  ('c1000000-0000-0000-0000-000000000012','a1000000-0000-0000-0000-000000000010','b1000000-0000-0000-0000-000000000010',5,'10:30','11:30'),
  ('c1000000-0000-0000-0000-000000000012','a1000000-0000-0000-0000-000000000011','b1000000-0000-0000-0000-000000000011',5,'11:30','12:30');
